DROP TABLE IF EXISTS `carts`;
CREATE TABLE `carts` (
  `id` bigint NOT NULL AUTO_INCREMENT,
  `customer_uid` varchar(36) NOT NULL,
  `created_at` timestamp NOT NULL DEFAULT CURRENT_TIMESTAMP,
  `updated_at` timestamp NOT NULL DEFAULT CURRENT_TIMESTAMP ON UPDATE CURRENT_TIMESTAMP,
  `deleted_at` timestamp NULL DEFAULT NULL,
  PRIMARY KEY (`id`),
  UNIQUE KEY `customer_uid` (`customer_uid`)
) ENGINE=MyISAM DEFAULT CHARSET=latin1;


DROP TABLE IF EXISTS `carts_item`;
CREATE TABLE `carts_item` (
  `id` bigint NOT NULL AUTO_INCREMENT,
  `carts_id` bigint NOT NULL,
  `product_id` bigint NOT NULL,
  `qty` int NOT NULL DEFAULT '1',
  `is_selected` tinyint(1) NOT NULL DEFAULT '1',
  `created_at` timestamp NOT NULL DEFAULT CURRENT_TIMESTAMP,
  `updated_at` timestamp NOT NULL DEFAULT CURRENT_TIMESTAMP ON UPDATE CURRENT_TIMESTAMP,
  PRIMARY KEY (`id`),
  KEY `carts_id` (`carts_id`),
  KEY `product_id` (`product_id`)
) ENGINE=MyISAM DEFAULT CHARSET=latin1;


DROP TABLE IF EXISTS `customers`;
CREATE TABLE `customers` (
  `id` bigint NOT NULL AUTO_INCREMENT,
  `uid` varchar(36) NOT NULL,
  `cust_id` varchar(12) NOT NULL,
  `name` varchar(100) NOT NULL,
  `password` varchar(200) DEFAULT NULL,
  `email` varchar(200) NOT NULL,
  `email_verified_token` varchar(64) DEFAULT NULL,
  `email_verified_at` timestamp NULL DEFAULT NULL,
  `email_verified_sent` tinyint NOT NULL,
  `email_change_code` varchar(6) DEFAULT NULL,
  `email_change_eligible` tinyint(1) NOT NULL DEFAULT '0',
  `gender` enum('Laki-laki','Perempuan','Yang Lain') DEFAULT NULL,
  `is_active` tinyint(1) NOT NULL DEFAULT '1',
  `phone` varchar(20) DEFAULT NULL,
  `phone_verified_at` timestamp NULL DEFAULT NULL,
  `avatar` varchar(200) DEFAULT NULL,
  `birthdate` date DEFAULT NULL,
  `created_at` timestamp NULL DEFAULT CURRENT_TIMESTAMP,
  `updated_at` timestamp NULL DEFAULT CURRENT_TIMESTAMP ON UPDATE CURRENT_TIMESTAMP,
  `deleted_at` timestamp NULL DEFAULT NULL,
  PRIMARY KEY (`id`),
  UNIQUE KEY `uid` (`uid`)
) ENGINE=InnoDB DEFAULT CHARSET=latin1;

INSERT INTO `customers` (`id`, `uid`, `cust_id`, `name`, `password`, `email`, `email_verified_token`, `email_verified_at`, `email_verified_sent`, `email_change_code`, `email_change_eligible`, `gender`, `is_active`, `phone`, `phone_verified_at`, `avatar`, `birthdate`, `created_at`, `updated_at`, `deleted_at`) VALUES
(1,	'a08d620f-0c3c-44d1-a054-df4bb0e96d30',	'CUST-0001',	'Loid Forger',	'$2a$10$yeVuj551I4UveL633H8Yr.zjtrvuO6NTfsybbQlhZ46e.0sGJb6hm',	'tester123@gmail.com',	NULL,	'2022-05-16 07:25:00',	1,	NULL,	0,	'Laki-laki',	1,	NULL,	'2022-05-16 07:41:25',	'pic-594240014.png',	'2022-05-16',	'2022-05-07 09:22:50',	'2022-07-24 10:16:45',	NULL),
(3,	'8b28c787-f35b-4932-91c2-7d9a03d6a070',	'CUST-0002',	'David Bernadi 2',	'$2a$10$OCL/OpOkLkyONzcFtQPhbuNKnnVIJ8Az/SualmU/EHkYpX0zAAqSS',	'bernadi73@gmail.com',	'0416d4f3864c87064a3b2df5f6e54976c335bb04da9684af5e77d6802a89a527',	NULL,	0,	NULL,	0,	NULL,	1,	NULL,	NULL,	'pic-594240014.png',	NULL,	'2022-05-17 04:59:44',	'2022-07-24 10:16:45',	NULL),
(4,	'33cde8d9-e4c8-4295-9fcf-ccc5d802624a',	'CUST-0003',	'David ',	'$2a$10$Q/RKHmSN1dhg9WEsEZDvJeXBhD5YQUKOAAMzrsg7VNUhIRlddUKMK',	'davidbernadi13@gmail.com',	'89a6f0ddd1c7f3569a8f93922e630d41c9c582efae3a21b98001184c29e40304',	NULL,	1,	'712669',	1,	'Laki-laki',	1,	'6281217123456111',	'2022-05-29 05:28:27',	'pic-1328481771.png',	'2022-07-03',	'2022-05-20 00:44:42',	'2022-08-13 03:50:17',	NULL),
(5,	'efc344b5-f5e0-476a-b1e2-89fff59aabf7',	'CUST-0004',	'Caesar McMahon',	'$2a$10$.JZc7VikjdoXjyk3f0R.4ONY51u4C7MpRv7cPeOGZDv5hfXu/6Pi.',	'caesarmcmahon@gmail.com',	'6977329e3c69ced781dd78cfa95c32737dfcdac0d92ee240dc3e165713636768',	NULL,	1,	NULL,	0,	NULL,	1,	NULL,	NULL,	'pic-594240014.png',	NULL,	'2022-05-31 02:47:42',	'2022-07-24 10:16:45',	NULL),
(6,	'24e7fe6d-a11e-44c2-addc-9a06b12d05f6',	'CUST-0005',	'Andrew',	'$2a$10$Y5QhCHtWZurVDGaWtYWK8.IYqt9PsaabkwkURek8rq3JQPpqKGcXq',	'gantienail@gmail.com',	'957d920a1580e1e72d10d80190cd1d1128bad3b9c1d6ed787348a01a3808f42e',	NULL,	1,	NULL,	0,	'Laki-laki',	1,	'6281217950213',	NULL,	'pic-594240014.png',	NULL,	'2022-06-01 07:59:31',	'2022-07-24 10:16:45',	NULL),
(7,	'2f5a1aec-659a-4c5f-a7f1-83758e4b5b96',	'CUST-0006',	'Andreass',	'$2a$10$etbCI156018xJg9WoWR05OIJS1pwMXo1tYpk2OFQSMbIThwmxeGpK',	'sayaandreas@gmail.com',	'7ce27ee767aec930f95f00e45b1928562ca7764cf9b795b86bf79351c6404ea8',	NULL,	1,	NULL,	0,	'Laki-laki',	1,	'628127233322',	NULL,	'pic-1568453877.png',	'2022-06-06',	'2022-06-13 09:21:23',	'2022-08-30 15:58:38',	NULL),
(8,	'e38e52ea-be42-4eda-af2e-f160a29c0e5c',	'CUST-0007',	'Mukidi',	'$2a$10$1AdlobF1KOqOM18qA2d5qeOK0NkVyC0r3kJAYPfgqvzP6UNcNTTkC',	'Mukidi',	'bbbe062f54c9c7a553170abe39d6d00d293ca61d901c98dfcab754f93cc1c332',	NULL,	1,	NULL,	0,	NULL,	1,	NULL,	NULL,	'pic-594240014.png',	NULL,	'2022-06-18 14:05:25',	'2022-07-24 10:16:45',	NULL),
(9,	'36269b83-1c98-4253-9828-98dc737ad278',	'CUST-0008',	'Jamedian',	'$2a$10$X1PbIjMeNvH2eHRRZnMDD.7i0eCte4YCCmOMr.ML3gbbkf4EiTEBS',	'Jamedian',	'3f26aa59fd118fa2370f6b3d96cafc42eb0290510ff3afc1b712792e4a6e5a4e',	NULL,	1,	NULL,	0,	NULL,	1,	NULL,	NULL,	'pic-594240014.png',	'2008-06-17',	'2022-06-19 10:07:45',	'2022-07-24 10:16:45',	NULL),
(10,	'885482b5-2019-4268-9475-ba7b191ef16c',	'CUST-0009',	'Udin',	'$2a$10$i7dziFsVcGW3zbJSMMnTxOS0.9D6jMZU6.VvvjG0h58p3tOf1CvYS',	'Udin',	'a355e6606fe26c65cdf8a619249c22c76441afbac15b8411aba090610173c6e2',	NULL,	1,	NULL,	0,	NULL,	1,	NULL,	NULL,	'pic-594240014.png',	NULL,	'2022-06-27 15:17:19',	'2022-07-24 10:16:45',	NULL),
(11,	'0772e90f-0921-4c1f-93de-8a342e9724d1',	'CUST-0010',	'Michael Kristianto',	'$2a$10$NShyqhudPhY1HkwuXlSVueR4yKnJFz3ZsdN5ZrQYqZSfGxvXXtwdy',	'Michael Kristianto',	'2a7b3907c2281cef79ebf0ead637fe6e65fd47d9109e7d5420669c10426f0052',	NULL,	1,	NULL,	0,	NULL,	1,	NULL,	NULL,	NULL,	NULL,	'2022-07-30 14:08:58',	'2022-07-30 14:08:58',	NULL),
(12,	'66d8a2ed-2d4b-426c-9b99-45b1f891c685',	'CUST-0011',	'Andre kuy',	NULL,	'andgays@gmail.com',	NULL,	'2022-08-13 04:04:20',	1,	NULL,	0,	NULL,	1,	NULL,	NULL,	'https://lh3.googleusercontent.com/a/AItbvmnqwY2o8XBOL5h6-n11OdZCaLQJWY7tbH3vL3VY=s96-c',	NULL,	'2022-08-13 04:04:20',	'2022-08-13 04:04:20',	NULL),
(13,	'c7dbb8d3-8e96-4eea-aaab-8e66065109a0',	'CUST-0012',	'Andre kuy',	NULL,	'andre-lae@gmail.com',	NULL,	'2022-08-13 04:09:59',	1,	NULL,	0,	NULL,	1,	NULL,	NULL,	'https://lh3.googleusercontent.com/a/AItbvmnqwY2o8XBOL5h6-n11OdZCaLQJWY7tbH3vL3VY=s96-c',	NULL,	'2022-08-13 04:09:59',	'2022-08-13 04:09:59',	NULL),
(14,	'83855d66-106e-49f5-98bc-70e772a5b5fa',	'CUST-0013',	'Andreas -',	NULL,	'randomlytype@gmail.com',	NULL,	'2022-08-13 04:52:04',	1,	NULL,	0,	NULL,	1,	NULL,	NULL,	'https://lh3.googleusercontent.com/a/AItbvmnqwY2o8XBOL5h6-n11OdZCaLQJWY7tbH3vL3VY=s96-c',	NULL,	'2022-08-13 04:52:04',	'2022-08-13 04:52:04',	NULL),
(15,	'b706806c-090c-4386-8392-ac6520985b6a',	'CUST-0014',	'David Bernadi',	NULL,	'devsemesta13@gmail.com',	NULL,	'2022-08-13 13:38:18',	1,	NULL,	0,	NULL,	1,	NULL,	NULL,	'https://lh3.googleusercontent.com/a/AItbvmn2yPNH9LSXvst5FCEyc6307msenu4GjL3_fnuo=s96-c',	NULL,	'2022-08-13 13:38:18',	'2022-08-13 13:38:18',	NULL);

DROP TABLE IF EXISTS `merchants`;
CREATE TABLE `merchants` (
  `id` int NOT NULL AUTO_INCREMENT,
  `username` varchar(50) NOT NULL,
  `outlet_id` bigint NOT NULL,
  `password` varchar(200) NOT NULL,
  `email` varchar(200) DEFAULT NULL,
  `phone` varchar(250) DEFAULT NULL,
  `avatar` varchar(100) DEFAULT 'default.png',
  `created_at` timestamp NOT NULL DEFAULT CURRENT_TIMESTAMP,
  `updated_at` timestamp NOT NULL DEFAULT CURRENT_TIMESTAMP ON UPDATE CURRENT_TIMESTAMP,
  `deleted_at` timestamp NULL DEFAULT NULL,
  PRIMARY KEY (`id`),
  KEY `outlet_id` (`outlet_id`)
) ENGINE=MyISAM DEFAULT CHARSET=latin1;

INSERT INTO `merchants` (`id`, `username`, `outlet_id`, `password`, `email`, `phone`, `avatar`, `created_at`, `updated_at`, `deleted_at`) VALUES
(1,	'merchant1',	1,	'$2a$10$seNFnwmAw9PtwyoZOejkUe.IV7v3Y7yBSeCXXa8KqvU2EK33G16iu',	'bernadi73@gmail.com',	'081217950269',	'default.png',	'2022-08-27 05:58:24',	'2022-08-27 14:13:47',	NULL);

DROP TABLE IF EXISTS `motor_x_size_ban`;
CREATE TABLE `motor_x_size_ban` (
  `id` int NOT NULL AUTO_INCREMENT,
  `id_kategori_motor` int NOT NULL,
  `id_brand_motor` int NOT NULL,
  `id_motor` int DEFAULT NULL,
  `type_motor` varchar(100) NOT NULL,
  `id_ukuran_ring` varchar(20) NOT NULL,
  `classification` varchar(20) NOT NULL,
  PRIMARY KEY (`id`),
  KEY `id_kategori_motor` (`id_kategori_motor`),
  KEY `id_brand_motor` (`id_brand_motor`),
  KEY `id_ukuran_ring` (`id_ukuran_ring`)
) ENGINE=MyISAM DEFAULT CHARSET=latin1;

INSERT INTO `motor_x_size_ban` (`id`, `id_kategori_motor`, `id_brand_motor`, `id_motor`, `type_motor`, `id_ukuran_ring`, `classification`) VALUES
(1,	2,	2,	36,	'Honda All New Scoopy',	'100/90-12',	'Standard'),
(2,	2,	2,	36,	'Honda All New Scoopy',	'110/90-12',	'Standard'),
(3,	2,	2,	38,	'Honda Beat Sporty',	'80/90-14',	'Standard'),
(4,	2,	2,	38,	'Honda Beat Sporty',	'90/90-14',	'Standard'),
(788,	2,	2,	38,	'Honda Beat Sporty',	'70/90-14',	'Additional'),
(789,	2,	2,	38,	'Honda Beat Sporty',	'80/80-14',	'Additional'),
(790,	2,	2,	38,	'Honda Beat Sporty',	'90/80-14',	'Additional'),
(791,	2,	2,	38,	'Honda Beat Sporty',	'100/70-14',	'Additional'),
(792,	2,	2,	37,	'Honda Beat Pop',	'80/90-14',	'Standard'),
(793,	2,	2,	37,	'Honda Beat Pop',	'90/90-14',	'Standard'),
(794,	2,	2,	37,	'Honda Beat Pop',	'70/90-14',	'Additional'),
(795,	2,	2,	37,	'Honda Beat Pop',	'80/80-14',	'Additional'),
(796,	2,	2,	37,	'Honda Beat Pop',	'90/80-14',	'Additional'),
(797,	2,	2,	37,	'Honda Beat Pop',	'100/70-14',	'Additional'),
(798,	2,	2,	39,	'Honda Beat Street',	'80/90-14',	'Standard'),
(799,	2,	2,	39,	'Honda Beat Street',	'90/90-14',	'Standard'),
(800,	2,	2,	39,	'Honda Beat Street',	'70/90-14',	'Additional'),
(801,	2,	2,	39,	'Honda Beat Street',	'80/80-14',	'Additional'),
(802,	2,	2,	39,	'Honda Beat Street',	'90/80-14',	'Additional'),
(803,	2,	2,	39,	'Honda Beat Street',	'100/70-14',	'Additional'),
(804,	3,	2,	67,	'Honda PCX',	'100/80-14',	'Standard'),
(805,	3,	2,	67,	'Honda PCX',	'120/70-14',	'Standard'),
(806,	3,	2,	67,	'Honda PCX',	'90/80-14',	'Additional'),
(807,	3,	2,	67,	'Honda PCX',	'90/90-14',	'Additional'),
(808,	3,	2,	67,	'Honda PCX',	'100/70-14',	'Additional'),
(809,	3,	2,	67,	'Honda PCX',	'100/90-14',	'Additional'),
(810,	2,	2,	40,	'Honda Spacy',	'80/90-14',	'Standard'),
(811,	2,	2,	40,	'Honda Spacy',	'90/90-14',	'Standard'),
(812,	2,	2,	40,	'Honda Spacy',	'70/90-14',	'Additional'),
(813,	2,	2,	40,	'Honda Spacy',	'80/80-14',	'Additional'),
(814,	2,	2,	40,	'Honda Spacy',	'90/80-14',	'Additional'),
(815,	2,	2,	40,	'Honda Spacy',	'100/70-14',	'Additional'),
(816,	2,	2,	41,	'Honda Vario 110',	'80/90-14',	'Standard'),
(817,	2,	2,	41,	'Honda Vario 110',	'90/90-14',	'Standard'),
(818,	2,	2,	41,	'Honda Vario 110',	'70/90-14',	'Additional'),
(819,	2,	2,	41,	'Honda Vario 110',	'80/80-14',	'Additional'),
(820,	2,	2,	41,	'Honda Vario 110',	'90/80-14',	'Additional'),
(821,	2,	2,	41,	'Honda Vario 110',	'100/70-14',	'Additional'),
(822,	2,	2,	42,	'Honda Vario 125',	'80/90-14',	'Standard'),
(823,	2,	2,	42,	'Honda Vario 125',	'90/90-14',	'Standard'),
(824,	2,	2,	42,	'Honda Vario 125',	'70/90-14',	'Additional'),
(825,	2,	2,	42,	'Honda Vario 125',	'80/80-14',	'Additional'),
(826,	2,	2,	42,	'Honda Vario 125',	'90/80-14',	'Additional'),
(827,	2,	2,	42,	'Honda Vario 125',	'100/70-14',	'Additional'),
(828,	3,	2,	68,	'Honda Vario 150',	'90/80-14',	'Standard'),
(829,	3,	2,	68,	'Honda Vario 150',	'100/80-14',	'Standard'),
(830,	3,	2,	68,	'Honda Vario 150',	'80/80-14',	'Additional'),
(831,	3,	2,	68,	'Honda Vario 150',	'80/90-14',	'Additional'),
(832,	3,	2,	68,	'Honda Vario 150',	'90/90-14',	'Additional'),
(833,	3,	2,	68,	'Honda Vario 150',	'100/70-14',	'Additional'),
(866,	3,	9,	70,	'Yamaha N-MAX',	'110/70-13',	'Standard'),
(867,	3,	9,	70,	'Yamaha N-MAX',	'130/70-13',	'Standard'),
(868,	3,	9,	70,	'Yamaha N-MAX',	'120/70-13',	'Additional'),
(869,	3,	9,	70,	'Yamaha N-MAX',	'140/70-13',	'Additional'),
(870,	3,	9,	70,	'Yamaha N-MAX',	'150/70-13',	'Additional'),
(925,	2,	9,	56,	'Yamaha Aerox 125',	'70/90-14',	'Standard'),
(926,	2,	9,	56,	'Yamaha Aerox 125',	'100/70-14',	'Standard'),
(927,	2,	9,	56,	'Yamaha Aerox 125',	'80/80-14',	'Additional'),
(928,	2,	9,	56,	'Yamaha Aerox 125',	'80/90-14',	'Additional'),
(929,	2,	9,	56,	'Yamaha Aerox 125',	'90/80-14',	'Additional'),
(930,	2,	9,	56,	'Yamaha Aerox 125',	'90/90-14',	'Additional'),
(931,	3,	9,	69,	'Yamaha Aerox 155',	'110/80-14',	'Standard'),
(932,	3,	9,	69,	'Yamaha Aerox 155',	'140/70-14',	'Standard'),
(933,	3,	9,	69,	'Yamaha Aerox 155',	'120/70-14',	'Additional'),
(934,	3,	9,	69,	'Yamaha Aerox 155',	'150/60-14',	'Additional'),
(935,	3,	9,	69,	'Yamaha Aerox 155',	'100/90-14',	'Additional'),
(936,	3,	9,	69,	'Yamaha Aerox 155',	'130/70-14',	'Additional'),
(937,	2,	9,	57,	'Yamaha Fino',	'80/90-14',	'Standard'),
(938,	2,	9,	57,	'Yamaha Fino',	'90/90-14',	'Standard'),
(939,	2,	9,	57,	'Yamaha Fino',	'70/90-14',	'Additional'),
(940,	2,	9,	57,	'Yamaha Fino',	'80/80-14',	'Additional'),
(941,	2,	9,	57,	'Yamaha Fino',	'90/80-14',	'Additional'),
(942,	2,	9,	57,	'Yamaha Fino',	'100/70-14',	'Additional'),
(943,	2,	9,	58,	'Yamaha Mio',	'80/90-14',	'Standard'),
(944,	2,	9,	58,	'Yamaha Mio',	'90/90-14',	'Standard'),
(945,	2,	9,	58,	'Yamaha Mio',	'70/90-14',	'Additional'),
(946,	2,	9,	58,	'Yamaha Mio',	'80/80-14',	'Additional'),
(947,	2,	9,	58,	'Yamaha Mio',	'90/80-14',	'Additional'),
(948,	2,	9,	58,	'Yamaha Mio',	'100/70-14',	'Additional'),
(949,	2,	9,	59,	'Yamaha Mio M3',	'80/90-14',	'Standard'),
(950,	2,	9,	59,	'Yamaha Mio M3',	'90/90-14',	'Standard'),
(951,	2,	9,	59,	'Yamaha Mio M3',	'70/90-14',	'Additional'),
(952,	2,	9,	59,	'Yamaha Mio M3',	'80/80-14',	'Additional'),
(953,	2,	9,	59,	'Yamaha Mio M3',	'90/80-14',	'Additional'),
(954,	2,	9,	59,	'Yamaha Mio M3',	'100/70-14',	'Additional'),
(955,	2,	9,	60,	'Yamaha Mio S',	'80/90-14',	'Standard'),
(956,	2,	9,	60,	'Yamaha Mio S',	'90/90-14',	'Standard'),
(957,	2,	9,	60,	'Yamaha Mio S',	'70/90-14',	'Additional'),
(958,	2,	9,	60,	'Yamaha Mio S',	'80/80-14',	'Additional'),
(959,	2,	9,	60,	'Yamaha Mio S',	'90/80-14',	'Additional'),
(960,	2,	9,	60,	'Yamaha Mio S',	'100/70-14',	'Additional'),
(961,	2,	9,	61,	'Yamaha Mio Z',	'80/90-14',	'Standard'),
(962,	2,	9,	61,	'Yamaha Mio Z',	'90/90-14',	'Standard'),
(963,	2,	9,	61,	'Yamaha Mio Z',	'70/90-14',	'Additional'),
(964,	2,	9,	61,	'Yamaha Mio Z',	'80/80-14',	'Additional'),
(965,	2,	9,	61,	'Yamaha Mio Z',	'90/80-14',	'Additional'),
(966,	2,	9,	61,	'Yamaha Mio Z',	'100/70-14',	'Additional'),
(1255,	2,	9,	62,	'Yamaha Soul',	'80/90-14',	'Standard'),
(1256,	2,	9,	62,	'Yamaha Soul',	'90/90-14',	'Standard'),
(1257,	2,	9,	62,	'Yamaha Soul',	'70/90-14',	'Additional'),
(1258,	2,	9,	62,	'Yamaha Soul',	'80/80-14',	'Additional'),
(1259,	2,	9,	62,	'Yamaha Soul',	'90/80-14',	'Additional'),
(1260,	2,	9,	62,	'Yamaha Soul',	'100/70-14',	'Additional'),
(1261,	2,	9,	63,	'Yamaha Soul GT',	'80/90-14',	'Standard'),
(1262,	2,	9,	63,	'Yamaha Soul GT',	'90/90-14',	'Standard'),
(1263,	2,	9,	63,	'Yamaha Soul GT',	'70/90-14',	'Additional'),
(1264,	2,	9,	63,	'Yamaha Soul GT',	'80/80-14',	'Additional'),
(1265,	2,	9,	63,	'Yamaha Soul GT',	'90/80-14',	'Additional'),
(1266,	2,	9,	63,	'Yamaha Soul GT',	'100/70-14',	'Additional'),
(1267,	2,	9,	66,	'Yamaha X-Ride',	'80/90-14',	'Standard'),
(1268,	2,	9,	66,	'Yamaha X-Ride',	'90/90-14',	'Standard'),
(1269,	2,	9,	66,	'Yamaha X-Ride',	'70/90-14',	'Additional'),
(1270,	2,	9,	66,	'Yamaha X-Ride',	'80/80-14',	'Additional'),
(1271,	2,	9,	66,	'Yamaha X-Ride',	'90/80-14',	'Additional'),
(1272,	2,	9,	66,	'Yamaha X-Ride',	'100/70-14',	'Additional'),
(1273,	2,	9,	64,	'Yamaha Xeon',	'80/90-14',	'Standard'),
(1274,	2,	9,	64,	'Yamaha Xeon',	'90/90-14',	'Standard'),
(1275,	2,	9,	64,	'Yamaha Xeon',	'70/90-14',	'Additional'),
(1276,	2,	9,	64,	'Yamaha Xeon',	'80/80-14',	'Additional'),
(1277,	2,	9,	64,	'Yamaha Xeon',	'90/80-14',	'Additional'),
(1278,	2,	9,	64,	'Yamaha Xeon',	'100/70-14',	'Additional'),
(1279,	2,	9,	65,	'Yamaha Xeon RC',	'80/90-14',	'Standard'),
(1280,	2,	9,	65,	'Yamaha Xeon RC',	'90/90-14',	'Standard'),
(1281,	2,	9,	65,	'Yamaha Xeon RC',	'70/90-14',	'Additional'),
(1282,	2,	9,	65,	'Yamaha Xeon RC',	'80/80-14',	'Additional'),
(1283,	2,	9,	65,	'Yamaha Xeon RC',	'90/80-14',	'Additional'),
(1284,	2,	9,	65,	'Yamaha Xeon RC',	'100/70-14',	'Additional'),
(1285,	3,	9,	72,	'Yamaha X-MAX (Front)',	'120/70-15',	'Standard'),
(1286,	3,	9,	73,	'Yamaha X-MAX (Rear)',	'130/70-14',	'Standard'),
(1287,	3,	9,	73,	'Yamaha X-MAX (Rear)',	'140/70-14',	'Standard'),
(1288,	3,	9,	73,	'Yamaha X-MAX (Rear)',	'150/70-14',	'Standard'),
(1289,	3,	9,	71,	'Yamaha T-MAX',	'120/70-15',	'Standard'),
(1290,	3,	9,	71,	'Yamaha T-MAX',	'160/60-15',	'Standard'),
(1291,	2,	5,	43,	'Suzuki Adress',	'80/90-14',	'Standard'),
(1292,	2,	5,	43,	'Suzuki Adress',	'90/90-14',	'Standard'),
(1293,	2,	5,	43,	'Suzuki Adress',	'70/90-14',	'Additional'),
(1294,	2,	5,	43,	'Suzuki Adress',	'80/80-14',	'Additional'),
(1295,	2,	5,	43,	'Suzuki Adress',	'90/80-14',	'Additional'),
(1296,	2,	5,	43,	'Suzuki Adress',	'100/70-14',	'Additional'),
(1297,	2,	5,	44,	'Suzuki Hayate',	'70/90-16',	'Standard'),
(1298,	2,	5,	44,	'Suzuki Hayate',	'80/90-16',	'Standard'),
(1299,	2,	5,	44,	'Suzuki Hayate',	'90/80-16',	'Standard'),
(1300,	2,	5,	45,	'Suzuki Lets',	'80/90-14',	'Standard'),
(1301,	2,	5,	45,	'Suzuki Lets',	'90/90-14',	'Standard'),
(1302,	2,	5,	45,	'Suzuki Lets',	'70/90-14',	'Additional'),
(1303,	2,	5,	45,	'Suzuki Lets',	'80/80-14',	'Additional'),
(1304,	2,	5,	45,	'Suzuki Lets',	'90/80-14',	'Additional'),
(1305,	2,	5,	45,	'Suzuki Lets',	'100/70-14',	'Additional'),
(1306,	2,	5,	46,	'Suzuki Nex',	'80/90-14',	'Standard'),
(1307,	2,	5,	46,	'Suzuki Nex',	'90/90-14',	'Standard'),
(1308,	2,	5,	46,	'Suzuki Nex',	'70/90-14',	'Additional'),
(1309,	2,	5,	46,	'Suzuki Nex',	'80/80-14',	'Additional'),
(1310,	2,	5,	46,	'Suzuki Nex',	'90/80-14',	'Additional'),
(1311,	2,	5,	46,	'Suzuki Nex',	'100/70-14',	'Additional'),
(1312,	2,	5,	47,	'Suzuki Sky Drive',	'80/90-14',	'Standard'),
(1313,	2,	5,	47,	'Suzuki Sky Drive',	'90/90-14',	'Standard'),
(1314,	2,	5,	47,	'Suzuki Sky Drive',	'70/90-14',	'Additional'),
(1315,	2,	5,	47,	'Suzuki Sky Drive',	'80/80-14',	'Additional'),
(1316,	2,	5,	47,	'Suzuki Sky Drive',	'90/80-14',	'Additional'),
(1317,	2,	5,	47,	'Suzuki Sky Drive',	'100/70-14',	'Additional'),
(1318,	2,	5,	49,	'Suzuki Spin',	'80/90-14',	'Standard'),
(1319,	2,	5,	49,	'Suzuki Spin',	'90/90-14',	'Standard'),
(1320,	2,	5,	49,	'Suzuki Spin',	'70/90-14',	'Additional'),
(1321,	2,	5,	49,	'Suzuki Spin',	'80/80-14',	'Additional'),
(1322,	2,	5,	49,	'Suzuki Spin',	'90/80-14',	'Additional'),
(1323,	2,	5,	49,	'Suzuki Spin',	'100/70-14',	'Additional'),
(1324,	2,	5,	48,	'Suzuki Sky Wave',	'70/90-16',	'Standard'),
(1325,	2,	5,	48,	'Suzuki Sky Wave',	'80/90-16',	'Standard'),
(1326,	2,	5,	48,	'Suzuki Sky Wave',	'90/80-16',	'Additional'),
(1327,	2,	7,	51,	'Vespa 946',	'110/70-12',	'Standard'),
(1328,	2,	7,	51,	'Vespa 946',	'130/70-12',	'Standard'),
(1329,	2,	7,	51,	'Vespa 946',	'110/90-12',	'Standard'),
(1330,	2,	7,	51,	'Vespa 946',	'120/70-12',	'Additional'),
(1331,	2,	7,	52,	'Vespa GTS I-GET 150',	'120/70-12',	'Standard'),
(1332,	2,	7,	52,	'Vespa GTS I-GET 150',	'130/70-12',	'Standard'),
(1333,	2,	7,	53,	'Vespa GTS I-GET 300',	'120/70-12',	'Standard'),
(1334,	2,	7,	53,	'Vespa GTS I-GET 300',	'130/70-12',	'Standard'),
(1335,	2,	7,	54,	'Vespa GTS SUPERSPORT 300',	'120/70-12',	'Standard'),
(1336,	2,	7,	54,	'Vespa GTS SUPERSPORT 300',	'130/70-12',	'Standard'),
(1337,	2,	7,	55,	'Vespa Sprint I-GET 150',	'120/70-12',	'Standard'),
(1338,	2,	7,	55,	'Vespa Sprint I-GET 150',	'130/70-12',	'Standard'),
(1339,	2,	6,	50,	'TVS Dazz',	'80/90-14',	'Standard'),
(1340,	2,	6,	50,	'TVS Dazz',	'90/80-14',	'Standard'),
(1341,	2,	6,	50,	'TVS Dazz',	'90/90-14',	'Additional'),
(1342,	2,	6,	50,	'TVS Dazz',	'70/90-14',	'Additional'),
(1343,	2,	6,	50,	'TVS Dazz',	'80/80-14',	'Additional'),
(1344,	2,	6,	50,	'TVS Dazz',	'100/70-14',	'Additional'),
(1345,	1,	2,	3,	'Honda Blade',	'70/90-17',	'Standard'),
(1346,	1,	2,	3,	'Honda Blade',	'80/90-17',	'Standard'),
(1347,	1,	2,	3,	'Honda Blade',	'250-17',	'Additional'),
(1348,	1,	2,	3,	'Honda Blade',	'275-17',	'Additional'),
(1349,	1,	2,	3,	'Honda Blade',	'70/80-17',	'Additional'),
(1350,	1,	2,	3,	'Honda Blade',	'80/80-17',	'Additional'),
(1351,	1,	2,	4,	'Honda CS 1',	'70/90-17',	'Standard'),
(1352,	1,	2,	4,	'Honda CS 1',	'80/90-17',	'Standard'),
(1353,	1,	2,	4,	'Honda CS 1',	'250-17',	'Additional'),
(1354,	1,	2,	4,	'Honda CS 1',	'275-17',	'Additional'),
(1355,	1,	2,	4,	'Honda CS 1',	'70/80-17',	'Additional'),
(1356,	1,	2,	4,	'Honda CS 1',	'80/80-17',	'Additional'),
(1357,	1,	2,	5,	'Honda Revo',	'70/90-17',	'Standard'),
(1358,	1,	2,	5,	'Honda Revo',	'80/90-17',	'Standard'),
(1359,	1,	2,	5,	'Honda Revo',	'250-17',	'Additional'),
(1360,	1,	2,	5,	'Honda Revo',	'275-17',	'Additional'),
(1361,	1,	2,	5,	'Honda Revo',	'70/80-17',	'Additional'),
(1362,	1,	2,	5,	'Honda Revo',	'80/80-17',	'Additional'),
(1363,	1,	2,	6,	'Honda Revo FIT',	'70/90-17',	'Standard'),
(1364,	1,	2,	6,	'Honda Revo FIT',	'80/90-17',	'Standard'),
(1365,	1,	2,	6,	'Honda Revo FIT',	'250-17',	'Additional'),
(1366,	1,	2,	6,	'Honda Revo FIT',	'275-17',	'Additional'),
(1367,	1,	2,	6,	'Honda Revo FIT',	'70/80-17',	'Additional'),
(1368,	1,	2,	6,	'Honda Revo FIT',	'80/80-17',	'Additional'),
(1369,	1,	2,	7,	'Honda Revo X',	'70/90-17',	'Standard'),
(1370,	1,	2,	7,	'Honda Revo X',	'80/90-17',	'Standard'),
(1371,	1,	2,	7,	'Honda Revo X',	'250-17',	'Additional'),
(1372,	1,	2,	7,	'Honda Revo X',	'275-17',	'Additional'),
(1373,	1,	2,	7,	'Honda Revo X',	'70/80-17',	'Additional'),
(1374,	1,	2,	7,	'Honda Revo X',	'80/80-17',	'Additional'),
(1375,	1,	2,	8,	'Honda Sonic 150',	'70/90-17',	'Standard'),
(1376,	1,	2,	8,	'Honda Sonic 150',	'80/90-17',	'Standard'),
(1377,	1,	2,	8,	'Honda Sonic 150',	'250-17',	'Additional'),
(1378,	1,	2,	8,	'Honda Sonic 150',	'275-17',	'Additional'),
(1379,	1,	2,	8,	'Honda Sonic 150',	'70/80-17',	'Additional'),
(1380,	1,	2,	8,	'Honda Sonic 150',	'80/80-17',	'Additional'),
(1381,	1,	2,	9,	'Honda Supra GTR150',	'90/80-17',	'Standard'),
(1382,	1,	2,	9,	'Honda Supra GTR150',	'120/70-17',	'Standard'),
(1383,	1,	2,	9,	'Honda Supra GTR150',	'80/80-17',	'Additional'),
(1384,	1,	2,	9,	'Honda Supra GTR150',	'80/90-17',	'Additional'),
(1385,	1,	2,	9,	'Honda Supra GTR150',	'90/90-17',	'Additional'),
(1386,	1,	2,	9,	'Honda Supra GTR150',	'100/70-17',	'Additional'),
(1387,	1,	2,	10,	'Honda Supra X 125',	'70/90-17',	'Standard'),
(1388,	1,	2,	10,	'Honda Supra X 125',	'80/90-17',	'Standard'),
(1389,	1,	2,	10,	'Honda Supra X 125',	'250-17',	'Additional'),
(1390,	1,	2,	10,	'Honda Supra X 125',	'275-17',	'Additional'),
(1391,	1,	2,	10,	'Honda Supra X 125',	'70/80-17',	'Additional'),
(1392,	1,	2,	10,	'Honda Supra X 125',	'80/80-17',	'Additional'),
(1393,	1,	2,	11,	'Honda Supra X 125 Helm-In',	'70/90-17',	'Standard'),
(1394,	1,	2,	11,	'Honda Supra X 125 Helm-In',	'80/90-17',	'Standard'),
(1395,	1,	2,	11,	'Honda Supra X 125 Helm-In',	'250-17',	'Additional'),
(1396,	1,	2,	11,	'Honda Supra X 125 Helm-In',	'275-17',	'Additional'),
(1397,	1,	2,	11,	'Honda Supra X 125 Helm-In',	'70/80-17',	'Additional'),
(1398,	1,	2,	11,	'Honda Supra X 125 Helm-In',	'80/80-17',	'Additional'),
(1399,	1,	9,	33,	'Yamaha Jupiter Z',	'70/90-17',	'Standard'),
(1400,	1,	9,	33,	'Yamaha Jupiter Z',	'80/90-17',	'Standard'),
(1401,	1,	9,	33,	'Yamaha Jupiter Z',	'250-17',	'Additional'),
(1402,	1,	9,	33,	'Yamaha Jupiter Z',	'275-17',	'Additional'),
(1403,	1,	9,	33,	'Yamaha Jupiter Z',	'70/80-17',	'Additional'),
(1404,	1,	9,	33,	'Yamaha Jupiter Z',	'80/80-17',	'Additional'),
(1405,	1,	9,	34,	'Yamaha Jupiter Z1',	'70/90-17',	'Standard'),
(1406,	1,	9,	34,	'Yamaha Jupiter Z1',	'80/90-17',	'Standard'),
(1407,	1,	9,	34,	'Yamaha Jupiter Z1',	'250-17',	'Additional'),
(1408,	1,	9,	34,	'Yamaha Jupiter Z1',	'275-17',	'Additional'),
(1409,	1,	9,	34,	'Yamaha Jupiter Z1',	'70/80-17',	'Additional'),
(1410,	1,	9,	34,	'Yamaha Jupiter Z1',	'80/80-17',	'Additional'),
(1411,	1,	9,	31,	'Yamaha Jupiter MX',	'70/90-17',	'Standard'),
(1412,	1,	9,	31,	'Yamaha Jupiter MX',	'90/80-17',	'Standard'),
(1413,	1,	9,	31,	'Yamaha Jupiter MX',	'70/80-17',	'Additional'),
(1414,	1,	9,	31,	'Yamaha Jupiter MX',	'120/70-17',	'Additional'),
(1415,	1,	9,	31,	'Yamaha Jupiter MX',	'80/80-17',	'Additional'),
(1416,	1,	9,	31,	'Yamaha Jupiter MX',	'80/90-17',	'Additional'),
(1417,	1,	9,	32,	'Yamaha Jupiter MX 150',	'90/80-17',	'Standard'),
(1418,	1,	9,	32,	'Yamaha Jupiter MX 150',	'120/70-17',	'Standard'),
(1419,	1,	9,	32,	'Yamaha Jupiter MX 150',	'80/80-17',	'Additional'),
(1420,	1,	9,	32,	'Yamaha Jupiter MX 150',	'80/90-17',	'Additional'),
(1421,	1,	9,	32,	'Yamaha Jupiter MX 150',	'90/90-17',	'Additional'),
(1422,	1,	9,	32,	'Yamaha Jupiter MX 150',	'100/70-17',	'Additional'),
(1423,	1,	9,	35,	'Yamaha Vega',	'70/90-17',	'Standard'),
(1424,	1,	9,	35,	'Yamaha Vega',	'80/90-17',	'Standard'),
(1425,	1,	9,	35,	'Yamaha Vega',	'250-17',	'Additional'),
(1426,	1,	9,	35,	'Yamaha Vega',	'275-17',	'Additional'),
(1427,	1,	9,	35,	'Yamaha Vega',	'70/80-17',	'Additional'),
(1428,	1,	9,	35,	'Yamaha Vega',	'80/80-17',	'Additional'),
(1429,	1,	5,	23,	'Suzuki Smash',	'70/90-17',	'Standard'),
(1430,	1,	5,	23,	'Suzuki Smash',	'80/90-17',	'Standard'),
(1431,	1,	5,	23,	'Suzuki Smash',	'250-17',	'Additional'),
(1432,	1,	5,	23,	'Suzuki Smash',	'275-17',	'Additional'),
(1433,	1,	5,	23,	'Suzuki Smash',	'70/80-17',	'Additional'),
(1434,	1,	5,	23,	'Suzuki Smash',	'80/80-17',	'Additional'),
(1435,	1,	5,	22,	'Suzuki Shogun',	'70/90-17',	'Standard'),
(1436,	1,	5,	22,	'Suzuki Shogun',	'80/90-17',	'Standard'),
(1437,	1,	5,	22,	'Suzuki Shogun',	'250-17',	'Additional'),
(1438,	1,	5,	22,	'Suzuki Shogun',	'275-17',	'Additional'),
(1439,	1,	5,	22,	'Suzuki Shogun',	'70/80-17',	'Additional'),
(1440,	1,	5,	22,	'Suzuki Shogun',	'80/80-17',	'Additional'),
(1441,	1,	5,	20,	'Suzuki Arashi 150',	'70/90-17',	'Standard'),
(1442,	1,	5,	20,	'Suzuki Arashi 150',	'80/90-17',	'Standard'),
(1443,	1,	5,	20,	'Suzuki Arashi 150',	'250-17',	'Additional'),
(1444,	1,	5,	20,	'Suzuki Arashi 150',	'275-17',	'Additional'),
(1445,	1,	5,	20,	'Suzuki Arashi 150',	'70/80-17',	'Additional'),
(1446,	1,	5,	20,	'Suzuki Arashi 150',	'80/80-17',	'Additional'),
(1447,	1,	5,	21,	'Suzuki Satria FU',	'70/90-17',	'Standard'),
(1448,	1,	5,	21,	'Suzuki Satria FU',	'80/90-17',	'Standard'),
(1449,	1,	5,	21,	'Suzuki Satria FU',	'250-17',	'Additional'),
(1450,	1,	5,	21,	'Suzuki Satria FU',	'275-17',	'Additional'),
(1451,	1,	5,	21,	'Suzuki Satria FU',	'70/80-17',	'Additional'),
(1452,	1,	5,	21,	'Suzuki Satria FU',	'80/80-17',	'Additional'),
(1453,	1,	3,	14,	'Kawasaki Edge',	'70/90-17',	'Standard'),
(1454,	1,	3,	14,	'Kawasaki Edge',	'80/90-17',	'Standard'),
(1455,	1,	3,	14,	'Kawasaki Edge',	'250-17',	'Additional'),
(1456,	1,	3,	14,	'Kawasaki Edge',	'275-17',	'Additional'),
(1457,	1,	3,	14,	'Kawasaki Edge',	'70/80-17',	'Additional'),
(1458,	1,	3,	14,	'Kawasaki Edge',	'80/80-17',	'Additional'),
(1459,	1,	3,	12,	'Kawasaki Athlete',	'70/90-17',	'Standard'),
(1460,	1,	3,	12,	'Kawasaki Athlete',	'80/90-17',	'Standard'),
(1461,	1,	3,	12,	'Kawasaki Athlete',	'250-17',	'Additional'),
(1462,	1,	3,	12,	'Kawasaki Athlete',	'275-17',	'Additional'),
(1463,	1,	3,	12,	'Kawasaki Athlete',	'70/80-17',	'Additional'),
(1464,	1,	3,	12,	'Kawasaki Athlete',	'80/80-17',	'Additional'),
(1465,	1,	3,	13,	'Kawasaki Blitz R',	'70/90-17',	'Standard'),
(1466,	1,	3,	13,	'Kawasaki Blitz R',	'80/90-17',	'Standard'),
(1467,	1,	3,	13,	'Kawasaki Blitz R',	'250-17',	'Additional'),
(1468,	1,	3,	13,	'Kawasaki Blitz R',	'275-17',	'Additional'),
(1469,	1,	3,	13,	'Kawasaki Blitz R',	'70/80-17',	'Additional'),
(1470,	1,	3,	13,	'Kawasaki Blitz R',	'80/80-17',	'Additional'),
(1471,	1,	3,	15,	'Kawasaki Kaze X',	'70/90-17',	'Standard'),
(1472,	1,	3,	15,	'Kawasaki Kaze X',	'80/90-17',	'Standard'),
(1473,	1,	3,	15,	'Kawasaki Kaze X',	'250-17',	'Additional'),
(1474,	1,	3,	15,	'Kawasaki Kaze X',	'275-17',	'Additional'),
(1475,	1,	3,	15,	'Kawasaki Kaze X',	'70/80-17',	'Additional'),
(1476,	1,	3,	15,	'Kawasaki Kaze X',	'80/80-17',	'Additional'),
(1477,	1,	3,	16,	'Kawasaki Kaze ZV',	'70/90-17',	'Standard'),
(1478,	1,	3,	16,	'Kawasaki Kaze ZV',	'80/90-17',	'Standard'),
(1479,	1,	3,	16,	'Kawasaki Kaze ZV',	'250-17',	'Additional'),
(1480,	1,	3,	16,	'Kawasaki Kaze ZV',	'275-17',	'Additional'),
(1481,	1,	3,	16,	'Kawasaki Kaze ZV',	'70/80-17',	'Additional'),
(1482,	1,	3,	16,	'Kawasaki Kaze ZV',	'80/80-17',	'Additional'),
(1483,	1,	3,	17,	'Kawasaki Kaze ZX 130',	'70/90-17',	'Standard'),
(1484,	1,	3,	17,	'Kawasaki Kaze ZX 130',	'80/90-17',	'Standard'),
(1485,	1,	3,	17,	'Kawasaki Kaze ZX 130',	'250-17',	'Additional'),
(1486,	1,	3,	17,	'Kawasaki Kaze ZX 130',	'275-17',	'Additional'),
(1487,	1,	3,	17,	'Kawasaki Kaze ZX 130',	'70/80-17',	'Additional'),
(1488,	1,	3,	17,	'Kawasaki Kaze ZX 130',	'80/80-17',	'Additional'),
(1489,	1,	6,	24,	'TVS Neo SR',	'70/90-17',	'Standard'),
(1490,	1,	6,	24,	'TVS Neo SR',	'80/90-17',	'Standard'),
(1491,	1,	6,	24,	'TVS Neo SR',	'250-17',	'Additional'),
(1492,	1,	6,	24,	'TVS Neo SR',	'275-17',	'Additional'),
(1493,	1,	6,	24,	'TVS Neo SR',	'70/80-17',	'Additional'),
(1494,	1,	6,	24,	'TVS Neo SR',	'80/80-17',	'Additional'),
(1495,	1,	6,	25,	'TVS Rock Z',	'70/90-17',	'Standard'),
(1496,	1,	6,	25,	'TVS Rock Z',	'80/90-17',	'Standard'),
(1497,	1,	6,	25,	'TVS Rock Z',	'250-17',	'Additional'),
(1498,	1,	6,	25,	'TVS Rock Z',	'275-17',	'Additional'),
(1499,	1,	6,	25,	'TVS Rock Z',	'70/80-17',	'Additional'),
(1500,	1,	6,	25,	'TVS Rock Z',	'80/80-17',	'Additional'),
(1501,	1,	6,	26,	'TVS Tormax',	'70/90-17',	'Standard'),
(1502,	1,	6,	26,	'TVS Tormax',	'80/90-17',	'Standard'),
(1503,	1,	6,	26,	'TVS Tormax',	'250-17',	'Additional'),
(1504,	1,	6,	26,	'TVS Tormax',	'275-17',	'Additional'),
(1505,	1,	6,	26,	'TVS Tormax',	'70/80-17',	'Additional'),
(1506,	1,	6,	26,	'TVS Tormax',	'80/80-17',	'Additional'),
(1507,	1,	4,	18,	'KTM Power MX',	'70/90-17',	'Standard'),
(1508,	1,	4,	18,	'KTM Power MX',	'80/90-17',	'Standard'),
(1509,	1,	4,	18,	'KTM Power MX',	'250-17',	'Additional'),
(1510,	1,	4,	18,	'KTM Power MX',	'275-17',	'Additional'),
(1511,	1,	4,	18,	'KTM Power MX',	'70/80-17',	'Additional'),
(1512,	1,	4,	18,	'KTM Power MX',	'80/80-17',	'Additional'),
(1513,	1,	4,	19,	'KTM Power ZR',	'70/90-17',	'Standard'),
(1514,	1,	4,	19,	'KTM Power ZR',	'80/90-17',	'Standard'),
(1515,	1,	4,	19,	'KTM Power ZR',	'250-17',	'Additional'),
(1516,	1,	4,	19,	'KTM Power ZR',	'275-17',	'Additional'),
(1517,	1,	4,	19,	'KTM Power ZR',	'70/80-17',	'Additional'),
(1518,	1,	4,	19,	'KTM Power ZR',	'80/80-17',	'Additional'),
(1519,	1,	8,	27,	'Viar Star CX',	'70/90-17',	'Standard'),
(1520,	1,	8,	27,	'Viar Star CX',	'80/90-17',	'Standard'),
(1521,	1,	8,	27,	'Viar Star CX',	'250-17',	'Additional'),
(1522,	1,	8,	27,	'Viar Star CX',	'275-17',	'Additional'),
(1523,	1,	8,	27,	'Viar Star CX',	'70/80-17',	'Additional'),
(1524,	1,	8,	27,	'Viar Star CX',	'80/80-17',	'Additional'),
(1525,	1,	8,	28,	'Viar Star MX',	'70/90-17',	'Standard'),
(1526,	1,	8,	28,	'Viar Star MX',	'80/90-17',	'Standard'),
(1527,	1,	8,	28,	'Viar Star MX',	'250-17',	'Additional'),
(1528,	1,	8,	28,	'Viar Star MX',	'275-17',	'Additional'),
(1529,	1,	8,	28,	'Viar Star MX',	'70/80-17',	'Additional'),
(1530,	1,	8,	28,	'Viar Star MX',	'80/80-17',	'Additional'),
(1531,	1,	8,	29,	'Viar Star Z',	'70/90-17',	'Standard'),
(1532,	1,	8,	29,	'Viar Star Z',	'80/90-17',	'Standard'),
(1533,	1,	8,	29,	'Viar Star Z',	'250-17',	'Additional'),
(1534,	1,	8,	29,	'Viar Star Z',	'275-17',	'Additional'),
(1535,	1,	8,	29,	'Viar Star Z',	'70/80-17',	'Additional'),
(1536,	1,	8,	29,	'Viar Star Z',	'80/80-17',	'Additional'),
(1537,	1,	8,	30,	'Viar V100',	'70/90-17',	'Standard'),
(1538,	1,	8,	30,	'Viar V100',	'80/90-17',	'Standard'),
(1539,	1,	8,	30,	'Viar V100',	'250-17',	'Additional'),
(1540,	1,	8,	30,	'Viar V100',	'275-17',	'Additional'),
(1541,	1,	8,	30,	'Viar V100',	'70/80-17',	'Additional'),
(1542,	1,	8,	30,	'Viar V100',	'80/80-17',	'Additional'),
(1543,	4,	2,	76,	'Honda CB 150R',	'80/90-17',	'Standard'),
(1544,	4,	2,	76,	'Honda CB 150R',	'110/80-17',	'Standard'),
(1545,	4,	2,	76,	'Honda CB 150R',	'80/80-17',	'Additional'),
(1546,	4,	2,	76,	'Honda CB 150R',	'90/80-17',	'Additional'),
(1547,	4,	2,	76,	'Honda CB 150R',	'90/90-17',	'Additional'),
(1548,	4,	2,	76,	'Honda CB 150R',	'100/80-17',	'Additional'),
(1549,	4,	2,	77,	'Honda CB 150R Streetfire',	'110/80-17',	'Standard'),
(1550,	4,	2,	77,	'Honda CB 150R Streetfire',	'130/70-17',	'Standard'),
(1551,	4,	2,	77,	'Honda CB 150R Streetfire',	'100/80-17',	'Additional'),
(1552,	4,	2,	77,	'Honda CB 150R Streetfire',	'100/70-17',	'Additional'),
(1553,	4,	2,	77,	'Honda CB 150R Streetfire',	'110/70-17',	'Additional'),
(1554,	4,	2,	77,	'Honda CB 150R Streetfire',	'120/70-17',	'Additional'),
(1555,	4,	2,	78,	'Honda CB500F',	'120/70-17',	'Standard'),
(1556,	4,	2,	78,	'Honda CB500F',	'160/60-17',	'Standard'),
(1557,	4,	2,	78,	'Honda CB500F',	'120/80-17',	'Additional'),
(1558,	4,	2,	78,	'Honda CB500F',	'130/70-17',	'Additional'),
(1559,	4,	2,	78,	'Honda CB500F',	'130/80-17',	'Additional'),
(1560,	4,	2,	78,	'Honda CB500F',	'140/70-17',	'Additional'),
(1561,	4,	2,	79,	'Honda CB500X (Front)',	'110/80-19',	'Standard'),
(1562,	4,	2,	80,	'Honda CB500X (Rear)',	'160/60-17',	'Standard'),
(1563,	4,	2,	80,	'Honda CB500X (Rear)',	'160/70-17',	'Standard'),
(1564,	4,	2,	81,	'Honda CBR 150',	'100/80-17',	'Standard'),
(1565,	4,	2,	81,	'Honda CBR 150',	'130/70-17',	'Standard'),
(1566,	4,	2,	81,	'Honda CBR 150',	'90/80-17',	'Additional'),
(1567,	4,	2,	81,	'Honda CBR 150',	'90/90-17',	'Additional'),
(1568,	4,	2,	81,	'Honda CBR 150',	'100/70-17',	'Additional'),
(1569,	4,	2,	81,	'Honda CBR 150',	'100/90-17',	'Additional'),
(1570,	4,	2,	82,	'Honda CBR 250R',	'110/70-17',	'Standard'),
(1571,	4,	2,	82,	'Honda CBR 250R',	'140/70-17',	'Standard'),
(1572,	4,	2,	82,	'Honda CBR 250R',	'100/80-17',	'Additional'),
(1573,	4,	2,	82,	'Honda CBR 250R',	'130/70-17',	'Additional'),
(1574,	4,	2,	82,	'Honda CBR 250R',	'90/80-17',	'Additional'),
(1575,	4,	2,	82,	'Honda CBR 250R',	'90/90-17',	'Additional'),
(1576,	4,	2,	83,	'Honda CBR 250RR',	'110/70-17',	'Standard'),
(1577,	4,	2,	83,	'Honda CBR 250RR',	'140/70-17',	'Standard'),
(1578,	4,	2,	83,	'Honda CBR 250RR',	'100/80-17',	'Additional'),
(1579,	4,	2,	83,	'Honda CBR 250RR',	'130/70-17',	'Additional'),
(1580,	4,	2,	83,	'Honda CBR 250RR',	'90/80-17',	'Additional'),
(1581,	4,	2,	83,	'Honda CBR 250RR',	'90/90-17',	'Additional'),
(1582,	4,	2,	84,	'Honda Mega PRO FI',	'80/100-17',	'Standard'),
(1583,	4,	2,	84,	'Honda Mega PRO FI',	'100/90-17',	'Standard'),
(1584,	4,	2,	84,	'Honda Mega PRO FI',	'80/90-17',	'Additional'),
(1585,	4,	2,	84,	'Honda Mega PRO FI',	'90/80-17',	'Additional'),
(1586,	4,	2,	84,	'Honda Mega PRO FI',	'90/90-17',	'Additional'),
(1587,	4,	2,	84,	'Honda Mega PRO FI',	'100/80-17',	'Additional'),
(1588,	4,	2,	86,	'Honda Verza',	'80/100-17',	'Standard'),
(1589,	4,	2,	86,	'Honda Verza',	'100/90-17',	'Standard'),
(1590,	4,	2,	86,	'Honda Verza',	'80/90-17',	'Additional'),
(1591,	4,	2,	86,	'Honda Verza',	'90/80-17',	'Additional'),
(1592,	4,	2,	86,	'Honda Verza',	'90/90-17',	'Additional'),
(1593,	4,	2,	86,	'Honda Verza',	'100/80-17',	'Additional'),
(1594,	4,	2,	87,	'Honda Verza CW',	'80/100-17',	'Standard'),
(1595,	4,	2,	87,	'Honda Verza CW',	'100/90-17',	'Standard'),
(1596,	4,	2,	87,	'Honda Verza CW',	'80/90-17',	'Additional'),
(1597,	4,	2,	87,	'Honda Verza CW',	'90/80-17',	'Additional'),
(1598,	4,	2,	87,	'Honda Verza CW',	'90/90-17',	'Additional'),
(1599,	4,	2,	87,	'Honda Verza CW',	'100/80-17',	'Additional'),
(1600,	4,	2,	85,	'Honda Mega PRO Karbu',	'80/100-18',	'Standard'),
(1601,	4,	2,	85,	'Honda Mega PRO Karbu',	'100/90-18',	'Standard'),
(1602,	4,	2,	85,	'Honda Mega PRO Karbu',	'80/90-18',	'Additional'),
(1603,	4,	2,	85,	'Honda Mega PRO Karbu',	'90/80-18',	'Additional'),
(1604,	4,	2,	85,	'Honda Mega PRO Karbu',	'90/90-18',	'Additional'),
(1605,	4,	2,	85,	'Honda Mega PRO Karbu',	'100/80-18',	'Additional'),
(1606,	4,	9,	112,	'Yamaha Byson',	'100/80-17',	'Standard'),
(1607,	4,	9,	112,	'Yamaha Byson',	'120/80-17',	'Standard'),
(1608,	4,	9,	112,	'Yamaha Byson',	'100/70-17',	'Additional'),
(1609,	4,	9,	112,	'Yamaha Byson',	'90/90-17',	'Additional'),
(1610,	4,	9,	112,	'Yamaha Byson',	'100/90-17',	'Additional'),
(1611,	4,	9,	112,	'Yamaha Byson',	'110/70-17',	'Additional'),
(1612,	4,	9,	115,	'Yamaha MT-25',	'110/70-17',	'Standard'),
(1613,	4,	9,	115,	'Yamaha MT-25',	'140/70-17',	'Standard'),
(1614,	4,	9,	115,	'Yamaha MT-25',	'100/80-17',	'Additional'),
(1615,	4,	9,	115,	'Yamaha MT-25',	'130/70-17',	'Additional'),
(1616,	4,	9,	115,	'Yamaha MT-25',	'90/80-17',	'Additional'),
(1617,	4,	9,	115,	'Yamaha MT-25',	'90/90-17',	'Additional'),
(1618,	4,	9,	114,	'Yamaha MT-09',	'120/70-17',	'Standard'),
(1619,	4,	9,	114,	'Yamaha MT-09',	'180/55-17',	'Standard'),
(1620,	4,	9,	114,	'Yamaha MT-09',	'120/80-17',	'Additional'),
(1621,	4,	9,	114,	'Yamaha MT-09',	'130/70-17',	'Additional'),
(1622,	4,	9,	114,	'Yamaha MT-09',	'130/80-17',	'Additional'),
(1623,	4,	9,	114,	'Yamaha MT-09',	'170/60-17',	'Additional'),
(1624,	4,	9,	116,	'Yamaha New Vixion',	'90/80-17',	'Standard'),
(1625,	4,	9,	116,	'Yamaha New Vixion',	'120/70-17',	'Standard'),
(1626,	4,	9,	116,	'Yamaha New Vixion',	'80/90-17',	'Additional'),
(1627,	4,	9,	116,	'Yamaha New Vixion',	'90/90-17',	'Additional'),
(1628,	4,	9,	116,	'Yamaha New Vixion',	'100/70-17',	'Additional'),
(1629,	4,	9,	116,	'Yamaha New Vixion',	'100/80-17',	'Additional'),
(1630,	4,	9,	122,	'Yamaha Vixion R',	'90/80-17',	'Standard'),
(1631,	4,	9,	122,	'Yamaha Vixion R',	'120/70-17',	'Standard'),
(1632,	4,	9,	122,	'Yamaha Vixion R',	'80/90-17',	'Additional'),
(1633,	4,	9,	122,	'Yamaha Vixion R',	'90/90-17',	'Additional'),
(1634,	4,	9,	122,	'Yamaha Vixion R',	'100/70-17',	'Additional'),
(1635,	4,	9,	122,	'Yamaha Vixion R',	'100/80-17',	'Additional'),
(1636,	4,	9,	117,	'Yamaha R15',	'90/80-17',	'Standard'),
(1637,	4,	9,	117,	'Yamaha R15',	'120/70-17',	'Standard'),
(1638,	4,	9,	117,	'Yamaha R15',	'80/90-17',	'Additional'),
(1639,	4,	9,	117,	'Yamaha R15',	'90/90-17',	'Additional'),
(1640,	4,	9,	117,	'Yamaha R15',	'100/70-17',	'Additional'),
(1641,	4,	9,	117,	'Yamaha R15',	'100/80-17',	'Additional'),
(1642,	4,	9,	118,	'Yamaha R25',	'110/70-17',	'Standard'),
(1643,	4,	9,	118,	'Yamaha R25',	'140/70-17',	'Standard'),
(1644,	4,	9,	118,	'Yamaha R25',	'100/80-17',	'Additional'),
(1645,	4,	9,	118,	'Yamaha R25',	'130/70-17',	'Additional'),
(1646,	4,	9,	118,	'Yamaha R25',	'90/80-17',	'Additional'),
(1647,	4,	9,	118,	'Yamaha R25',	'90/90-17',	'Additional'),
(1648,	4,	9,	119,	'Yamaha R6',	'120/70-17',	'Standard'),
(1649,	4,	9,	119,	'Yamaha R6',	'180/55-17',	'Standard'),
(1650,	4,	9,	119,	'Yamaha R6',	'120/80-17',	'Additional'),
(1651,	4,	9,	119,	'Yamaha R6',	'130/70-17',	'Additional'),
(1652,	4,	9,	119,	'Yamaha R6',	'130/80-17',	'Additional'),
(1653,	4,	9,	119,	'Yamaha R6',	'170/60-17',	'Additional'),
(1654,	4,	9,	121,	'Yamaha Vixion',	'80/90-17',	'Standard'),
(1655,	4,	9,	121,	'Yamaha Vixion',	'90/90-17',	'Standard'),
(1656,	4,	9,	121,	'Yamaha Vixion',	'100/80-17',	'Additional'),
(1657,	4,	9,	121,	'Yamaha Vixion',	'100/70-17',	'Additional'),
(1658,	4,	9,	121,	'Yamaha Vixion',	'100/90-17',	'Additional'),
(1659,	4,	9,	121,	'Yamaha Vixion',	'110/70-17',	'Additional'),
(1660,	4,	9,	123,	'Yamaha Xabre',	'110/70-17',	'Standard'),
(1661,	4,	9,	123,	'Yamaha Xabre',	'130/70-17',	'Standard'),
(1662,	4,	9,	123,	'Yamaha Xabre',	'100/80-17',	'Additional'),
(1663,	4,	9,	123,	'Yamaha Xabre',	'140/70-17',	'Additional'),
(1664,	4,	9,	123,	'Yamaha Xabre',	'90/80-17',	'Additional'),
(1665,	4,	9,	123,	'Yamaha Xabre',	'90/90-17',	'Additional'),
(1666,	4,	9,	113,	'Yamaha Byson FI',	'100/80-17',	'Standard'),
(1667,	4,	9,	113,	'Yamaha Byson FI',	'120/80-17',	'Standard'),
(1668,	4,	9,	113,	'Yamaha Byson FI',	'100/70-17',	'Additional'),
(1669,	4,	9,	113,	'Yamaha Byson FI',	'90/90-17',	'Additional'),
(1670,	4,	9,	113,	'Yamaha Byson FI',	'100/90-17',	'Additional'),
(1671,	4,	9,	113,	'Yamaha Byson FI',	'110/70-17',	'Additional'),
(1672,	4,	9,	120,	'Yamaha Scorpio',	'80/100-18',	'Standard'),
(1673,	4,	9,	120,	'Yamaha Scorpio',	'100/90-18',	'Standard'),
(1674,	4,	9,	120,	'Yamaha Scorpio',	'80/90-18',	'Additional'),
(1675,	4,	9,	120,	'Yamaha Scorpio',	'90/90-18',	'Additional'),
(1676,	4,	9,	120,	'Yamaha Scorpio',	'100/80-18',	'Additional'),
(1677,	4,	9,	120,	'Yamaha Scorpio',	'275-18',	'Additional'),
(1678,	4,	3,	88,	'Kawasaki Ninja 250',	'110/70-17',	'Standard'),
(1679,	4,	3,	88,	'Kawasaki Ninja 250',	'140/70-17',	'Standard'),
(1680,	4,	3,	88,	'Kawasaki Ninja 250',	'100/80-17',	'Additional'),
(1681,	4,	3,	88,	'Kawasaki Ninja 250',	'130/70-17',	'Additional'),
(1682,	4,	3,	88,	'Kawasaki Ninja 250',	'90/80-17',	'Additional'),
(1683,	4,	3,	88,	'Kawasaki Ninja 250',	'90/90-17',	'Additional'),
(1684,	4,	3,	89,	'Kawasaki Ninja 300',	'110/70-17',	'Standard'),
(1685,	4,	3,	89,	'Kawasaki Ninja 300',	'140/70-17',	'Standard'),
(1686,	4,	3,	89,	'Kawasaki Ninja 300',	'100/80-17',	'Additional'),
(1687,	4,	3,	89,	'Kawasaki Ninja 300',	'130/70-17',	'Additional'),
(1688,	4,	3,	89,	'Kawasaki Ninja 300',	'90/80-17',	'Additional'),
(1689,	4,	3,	89,	'Kawasaki Ninja 300',	'90/90-17',	'Additional'),
(1690,	4,	3,	90,	'Kawasaki Ninja 650',	'120/70-17',	'Standard'),
(1691,	4,	3,	90,	'Kawasaki Ninja 650',	'160/70-17',	'Standard'),
(1692,	4,	3,	90,	'Kawasaki Ninja 650',	'120/80-17',	'Additional'),
(1693,	4,	3,	90,	'Kawasaki Ninja 650',	'130/70-17',	'Additional'),
(1694,	4,	3,	90,	'Kawasaki Ninja 650',	'130/80-17',	'Additional'),
(1695,	4,	3,	90,	'Kawasaki Ninja 650',	'140/70-17',	'Additional'),
(1696,	4,	3,	91,	'Kawasaki Ninja ER 6N',	'120/70-17',	'Standard'),
(1697,	4,	3,	91,	'Kawasaki Ninja ER 6N',	'160/70-17',	'Standard'),
(1698,	4,	3,	91,	'Kawasaki Ninja ER 6N',	'120/80-17',	'Additional'),
(1699,	4,	3,	91,	'Kawasaki Ninja ER 6N',	'130/70-17',	'Additional'),
(1700,	4,	3,	91,	'Kawasaki Ninja ER 6N',	'130/80-17',	'Additional'),
(1701,	4,	3,	91,	'Kawasaki Ninja ER 6N',	'140/70-17',	'Additional'),
(1702,	4,	3,	92,	'Kawasaki Ninja R 150 (Front)',	'275-17',	'Standard'),
(1703,	4,	3,	92,	'Kawasaki Ninja R 150 (Front)',	'80/90-17',	'Standard'),
(1704,	4,	3,	92,	'Kawasaki Ninja R 150 (Front)',	'300-17',	'Additional'),
(1705,	4,	3,	92,	'Kawasaki Ninja R 150 (Front)',	'90/80-17',	'Additional'),
(1706,	4,	3,	92,	'Kawasaki Ninja R 150 (Front)',	'90/90-17',	'Additional'),
(1707,	4,	3,	92,	'Kawasaki Ninja R 150 (Front)',	'100/80-17',	'Additional'),
(1708,	4,	3,	93,	'Kawasaki Ninja R 150 (Rear)',	'300-18',	'Standard'),
(1709,	4,	3,	93,	'Kawasaki Ninja R 150 (Rear)',	'90/90-18',	'Standard'),
(1710,	4,	3,	93,	'Kawasaki Ninja R 150 (Rear)',	'100/80-18',	'Additional'),
(1711,	4,	3,	93,	'Kawasaki Ninja R 150 (Rear)',	'100/90-18',	'Additional'),
(1712,	4,	3,	94,	'Kawasaki Ninja RR 150',	'90/90-17',	'Standard'),
(1713,	4,	3,	94,	'Kawasaki Ninja RR 150',	'110/80-17',	'Standard'),
(1714,	4,	3,	94,	'Kawasaki Ninja RR 150',	'90/80-17',	'Additional'),
(1715,	4,	3,	94,	'Kawasaki Ninja RR 150',	'100/70-17',	'Additional'),
(1716,	4,	3,	94,	'Kawasaki Ninja RR 150',	'100/80-17',	'Additional'),
(1717,	4,	3,	94,	'Kawasaki Ninja RR 150',	'110/70-17',	'Additional'),
(1718,	4,	3,	95,	'Kawasaki Ninja RR 250',	'110/70-17',	'Standard'),
(1719,	4,	3,	95,	'Kawasaki Ninja RR 250',	'140/70-17',	'Standard'),
(1720,	4,	3,	95,	'Kawasaki Ninja RR 250',	'100/80-17',	'Additional'),
(1721,	4,	3,	95,	'Kawasaki Ninja RR 250',	'130/70-17',	'Additional'),
(1722,	4,	3,	95,	'Kawasaki Ninja RR 250',	'90/80-17',	'Additional'),
(1723,	4,	3,	95,	'Kawasaki Ninja RR 250',	'90/90-17',	'Additional'),
(1724,	4,	3,	96,	'Kawasaki W 175',	'80/100-17',	'Standard'),
(1725,	4,	3,	96,	'Kawasaki W 175',	'100/90-17',	'Standard'),
(1726,	4,	3,	96,	'Kawasaki W 175',	'80/90-17',	'Additional'),
(1727,	4,	3,	96,	'Kawasaki W 175',	'90/80-17',	'Additional'),
(1728,	4,	3,	96,	'Kawasaki W 175',	'90/90-17',	'Additional'),
(1729,	4,	3,	96,	'Kawasaki W 175',	'100/80-17',	'Additional'),
(1730,	4,	3,	98,	'Kawasaki Z250SL',	'100/80-17',	'Standard'),
(1731,	4,	3,	98,	'Kawasaki Z250SL',	'130/70-17',	'Standard'),
(1732,	4,	3,	98,	'Kawasaki Z250SL',	'100/70-17',	'Additional'),
(1733,	4,	3,	98,	'Kawasaki Z250SL',	'100/90-17',	'Additional'),
(1734,	4,	3,	98,	'Kawasaki Z250SL',	'110/70-17',	'Additional'),
(1735,	4,	3,	98,	'Kawasaki Z250SL',	'110/80-17',	'Additional'),
(1736,	4,	3,	97,	'Kawasaki Z250',	'100/80-17',	'Standard'),
(1737,	4,	3,	97,	'Kawasaki Z250',	'130/70-17',	'Standard'),
(1738,	4,	3,	97,	'Kawasaki Z250',	'100/70-17',	'Additional'),
(1739,	4,	3,	97,	'Kawasaki Z250',	'100/90-17',	'Additional'),
(1740,	4,	3,	97,	'Kawasaki Z250',	'110/70-17',	'Additional'),
(1741,	4,	3,	97,	'Kawasaki Z250',	'110/80-17',	'Additional'),
(1742,	4,	3,	99,	'Kawasaki Z650',	'120/70-17',	'Standard'),
(1743,	4,	3,	99,	'Kawasaki Z650',	'160/60-17',	'Standard'),
(1744,	4,	3,	99,	'Kawasaki Z650',	'120/80-17',	'Additional'),
(1745,	4,	3,	99,	'Kawasaki Z650',	'130/70-17',	'Additional'),
(1746,	4,	3,	99,	'Kawasaki Z650',	'130/80-17',	'Additional'),
(1747,	4,	3,	99,	'Kawasaki Z650',	'140/70-17',	'Additional'),
(1748,	4,	3,	100,	'Kawasaki Z800',	'120/70-17',	'Standard'),
(1749,	4,	3,	100,	'Kawasaki Z800',	'160/60-17',	'Standard'),
(1750,	4,	3,	100,	'Kawasaki Z800',	'120/80-17',	'Additional'),
(1751,	4,	3,	100,	'Kawasaki Z800',	'130/70-17',	'Additional'),
(1752,	4,	3,	100,	'Kawasaki Z800',	'130/80-17',	'Additional'),
(1753,	4,	3,	100,	'Kawasaki Z800',	'140/70-17',	'Additional'),
(1754,	4,	3,	101,	'Kawasaki Z900',	'120/70-17',	'Standard'),
(1755,	4,	3,	101,	'Kawasaki Z900',	'180/55-17',	'Standard'),
(1756,	4,	3,	101,	'Kawasaki Z900',	'120/80-17',	'Additional'),
(1757,	4,	3,	101,	'Kawasaki Z900',	'130/70-17',	'Additional'),
(1758,	4,	3,	101,	'Kawasaki Z900',	'130/80-17',	'Additional'),
(1759,	4,	3,	101,	'Kawasaki Z900',	'170/60-17',	'Additional'),
(1760,	4,	3,	102,	'Kawasaki Z900RS',	'120/70-17',	'Standard'),
(1761,	4,	3,	102,	'Kawasaki Z900RS',	'180/55-17',	'Standard'),
(1762,	4,	3,	102,	'Kawasaki Z900RS',	'120/80-17',	'Additional'),
(1763,	4,	3,	102,	'Kawasaki Z900RS',	'130/70-17',	'Additional'),
(1764,	4,	3,	102,	'Kawasaki Z900RS',	'130/80-17',	'Additional'),
(1765,	4,	3,	102,	'Kawasaki Z900RS',	'170/60-17',	'Additional'),
(1766,	4,	3,	103,	'Kawasaki ZX-6R 636',	'120/70-17',	'Standard'),
(1767,	4,	3,	103,	'Kawasaki ZX-6R 636',	'160/60-17',	'Standard'),
(1768,	4,	3,	103,	'Kawasaki ZX-6R 636',	'120/80-17',	'Additional'),
(1769,	4,	3,	103,	'Kawasaki ZX-6R 636',	'130/70-17',	'Additional'),
(1770,	4,	3,	103,	'Kawasaki ZX-6R 636',	'130/80-17',	'Additional'),
(1771,	4,	3,	103,	'Kawasaki ZX-6R 636',	'140/70-17',	'Additional'),
(1772,	4,	5,	110,	'Suzuki GSX R150',	'90/80-17',	'Standard'),
(1773,	4,	5,	110,	'Suzuki GSX R150',	'130/70-17',	'Standard'),
(1774,	4,	5,	110,	'Suzuki GSX R150',	'80/90-17',	'Additional'),
(1775,	4,	5,	110,	'Suzuki GSX R150',	'90/90-17',	'Additional'),
(1776,	4,	5,	110,	'Suzuki GSX R150',	'100/70-17',	'Additional'),
(1777,	4,	5,	110,	'Suzuki GSX R150',	'100/80-17',	'Additional'),
(1778,	4,	5,	111,	'Suzuki Thunder',	'80/90-18',	'Standard'),
(1779,	4,	5,	111,	'Suzuki Thunder',	'90/90-18',	'Standard'),
(1780,	4,	5,	111,	'Suzuki Thunder',	'275-18',	'Additional'),
(1781,	4,	5,	111,	'Suzuki Thunder',	'300-18',	'Additional'),
(1782,	4,	5,	111,	'Suzuki Thunder',	'100/80-18',	'Additional'),
(1783,	4,	5,	111,	'Suzuki Thunder',	'100/90-18',	'Additional'),
(1784,	4,	4,	107,	'KTM RC 200',	'100/70-17',	'Standard'),
(1785,	4,	4,	107,	'KTM RC 200',	'150/60-17',	'Standard'),
(1786,	4,	4,	107,	'KTM RC 200',	'100/80-17',	'Additional'),
(1787,	4,	4,	107,	'KTM RC 200',	'110/70-17',	'Additional'),
(1788,	4,	4,	107,	'KTM RC 200',	'110/80-17',	'Additional'),
(1789,	4,	4,	107,	'KTM RC 200',	'120/70-17',	'Additional'),
(1790,	4,	4,	108,	'KTM RC 250',	'100/70-17',	'Standard'),
(1791,	4,	4,	108,	'KTM RC 250',	'150/60-17',	'Standard'),
(1792,	4,	4,	108,	'KTM RC 250',	'100/80-17',	'Additional'),
(1793,	4,	4,	108,	'KTM RC 250',	'110/70-17',	'Additional'),
(1794,	4,	4,	108,	'KTM RC 250',	'110/80-17',	'Additional'),
(1795,	4,	4,	108,	'KTM RC 250',	'120/70-17',	'Additional'),
(1796,	4,	4,	109,	'KTM RC 390',	'100/70-17',	'Standard'),
(1797,	4,	4,	109,	'KTM RC 390',	'150/60-17',	'Standard'),
(1798,	4,	4,	109,	'KTM RC 390',	'100/80-17',	'Additional'),
(1799,	4,	4,	109,	'KTM RC 390',	'110/70-17',	'Additional'),
(1800,	4,	4,	109,	'KTM RC 390',	'110/80-17',	'Additional'),
(1801,	4,	4,	109,	'KTM RC 390',	'120/70-17',	'Additional'),
(1802,	4,	4,	104,	'KTM Duke 200',	'100/70-17',	'Standard'),
(1803,	4,	4,	104,	'KTM Duke 200',	'150/60-17',	'Standard'),
(1804,	4,	4,	104,	'KTM Duke 200',	'100/80-17',	'Additional'),
(1805,	4,	4,	104,	'KTM Duke 200',	'110/70-17',	'Additional'),
(1806,	4,	4,	104,	'KTM Duke 200',	'110/80-17',	'Additional'),
(1807,	4,	4,	104,	'KTM Duke 200',	'120/70-17',	'Additional'),
(1808,	4,	4,	105,	'KTM Duke 250',	'100/70-17',	'Standard'),
(1809,	4,	4,	105,	'KTM Duke 250',	'150/60-17',	'Standard'),
(1810,	4,	4,	105,	'KTM Duke 250',	'100/80-17',	'Additional'),
(1811,	4,	4,	105,	'KTM Duke 250',	'110/70-17',	'Additional'),
(1812,	4,	4,	105,	'KTM Duke 250',	'110/80-17',	'Additional'),
(1813,	4,	4,	105,	'KTM Duke 250',	'120/70-17',	'Additional'),
(1814,	4,	4,	106,	'KTM Duke 390',	'100/70-17',	'Standard'),
(1815,	4,	4,	106,	'KTM Duke 390',	'150/60-17',	'Standard'),
(1816,	4,	4,	106,	'KTM Duke 390',	'100/80-17',	'Additional'),
(1817,	4,	4,	106,	'KTM Duke 390',	'110/70-17',	'Additional'),
(1818,	4,	4,	106,	'KTM Duke 390',	'110/80-17',	'Additional'),
(1819,	4,	4,	106,	'KTM Duke 390',	'120/70-17',	'Additional'),
(1820,	4,	1,	74,	'Bajaj Pulsar 200NS',	'100/80-17',	'Standard'),
(1821,	4,	1,	74,	'Bajaj Pulsar 200NS',	'130/70-17',	'Standard'),
(1822,	4,	1,	74,	'Bajaj Pulsar 200NS',	'100/70-17',	'Additional'),
(1823,	4,	1,	74,	'Bajaj Pulsar 200NS',	'100/90-17',	'Additional'),
(1824,	4,	1,	74,	'Bajaj Pulsar 200NS',	'110/70-17',	'Additional'),
(1825,	4,	1,	74,	'Bajaj Pulsar 200NS',	'110/80-17',	'Additional'),
(1826,	4,	1,	75,	'Bajaj Pulsar RS200',	'100/80-17',	'Standard'),
(1827,	4,	1,	75,	'Bajaj Pulsar RS200',	'130/70-17',	'Standard'),
(1828,	4,	1,	75,	'Bajaj Pulsar RS200',	'100/70-17',	'Additional'),
(1829,	4,	1,	75,	'Bajaj Pulsar RS200',	'100/90-17',	'Additional'),
(1830,	4,	1,	75,	'Bajaj Pulsar RS200',	'110/70-17',	'Additional'),
(1831,	4,	1,	75,	'Bajaj Pulsar RS200',	'110/80-17',	'Additional'),
(1832,	5,	3,	133,	'Kawasaki KLX 150 (Rear)',	'90/100-16',	'Standard'),
(1833,	5,	3,	132,	'Kawasaki KLX 150 (Front)',	'70/100-19',	'Standard'),
(1834,	5,	3,	137,	'Kawasaki KLX 250 (Rear)',	'410-18',	'Standard'),
(1835,	5,	3,	137,	'Kawasaki KLX 250 (Rear)',	'140/80-18',	'Standard'),
(1836,	5,	3,	134,	'Kawasaki KLX 150 BF (Front)',	'275-21',	'Standard'),
(1837,	5,	3,	136,	'Kawasaki KLX 250 (Front)',	'275-21',	'Standard'),
(1838,	5,	3,	136,	'Kawasaki KLX 250 (Front)',	'80/100-21',	'Standard'),
(1839,	5,	3,	136,	'Kawasaki KLX 250 (Front)',	'80/90-21',	'Standard'),
(1840,	5,	3,	135,	'Kawasaki KLX 150 BF (Rear)',	'410-18',	'Standard'),
(1841,	5,	3,	135,	'Kawasaki KLX 150 BF (Rear)',	'140/80-18',	'Standard'),
(1842,	5,	2,	125,	'Honda CRF 150 (Rear)',	'410-18',	'Standard'),
(1843,	5,	2,	129,	'Honda CRF 250 (Rear)',	'410-18',	'Standard'),
(1844,	5,	2,	131,	'Honda CRF 250 Rally (Rear)',	'410-18',	'Standard'),
(1845,	5,	2,	127,	'Honda CRF 2000L Africa Twin (Rear)',	'410-18',	'Standard'),
(1846,	5,	2,	124,	'Honda CRF 150 (Front)',	'275-21',	'Standard'),
(1847,	5,	2,	128,	'Honda CRF 250 (Front)',	'275-21',	'Standard'),
(1848,	5,	2,	130,	'Honda CRF 250 Rally (Front)',	'275-21',	'Standard'),
(1849,	5,	2,	126,	'Honda CRF 2000L Africa Twin (Front)',	'275-21',	'Standard'),
(1850,	5,	5,	139,	'Suzuki RM-Z450',	'110/90-19',	'Standard'),
(1851,	5,	5,	138,	'Suzuki RM-Z250',	'110/90-19',	'Standard'),
(1852,	5,	5,	139,	'Suzuki RM-Z450',	'80/100-21',	'Additional'),
(1853,	5,	5,	139,	'Suzuki RM-Z450',	'275-21',	'Additional'),
(1854,	5,	5,	138,	'Suzuki RM-Z250',	'80/100-21',	'Additional'),
(1855,	5,	5,	138,	'Suzuki RM-Z250',	'275-21',	'Additional'),
(1856,	5,	9,	140,	'Yamaha TT-R125LE',	'90/100-16',	'Standard'),
(1857,	5,	9,	141,	'Yamaha WR250F',	'410-18',	'Standard'),
(1858,	5,	9,	143,	'Yamaha YZ250F',	'410-18',	'Standard'),
(1859,	5,	9,	142,	'Yamaha WR250R',	'410-18',	'Standard'),
(1860,	5,	9,	140,	'Yamaha TT-R125LE',	'70/100-19',	'Standard'),
(1861,	5,	9,	141,	'Yamaha WR250F',	'275-21',	'Standard'),
(1862,	5,	9,	143,	'Yamaha YZ250F',	'275-21',	'Standard'),
(1863,	5,	9,	142,	'Yamaha WR250R',	'275-21',	'Standard');

DROP TABLE IF EXISTS `outlet_ratings`;
CREATE TABLE `outlet_ratings` (
  `id` bigint NOT NULL AUTO_INCREMENT,
  `customer_id` bigint NOT NULL,
  `outlet_id` bigint NOT NULL,
  `comment` varchar(200) DEFAULT NULL,
  `rating` tinyint NOT NULL,
  `created_at` timestamp NOT NULL DEFAULT CURRENT_TIMESTAMP,
  PRIMARY KEY (`id`),
  KEY `customer_id` (`customer_id`),
  KEY `outlet_id` (`outlet_id`)
) ENGINE=MyISAM DEFAULT CHARSET=latin1;

INSERT INTO `outlet_ratings` (`id`, `customer_id`, `outlet_id`, `comment`, `rating`, `created_at`) VALUES
(1,	4,	1,	'pelayanannya sangatr amah',	5,	'2022-08-17 06:33:41'),
(2,	4,	1,	'pelayanannya sangatr amah',	5,	'2022-08-17 06:33:46'),
(3,	4,	1,	'pelayanannya sangatr amah',	5,	'2022-08-17 06:39:58'),
(4,	14,	1,	'',	3,	'2022-08-17 14:37:09'),
(5,	14,	1,	'',	3,	'2022-08-17 14:37:47'),
(6,	7,	1,	'',	3,	'2022-08-18 14:41:03'),
(7,	14,	1,	'wee',	3,	'2022-08-21 07:02:53'),
(8,	14,	1,	'',	3,	'2022-08-21 07:14:49'),
(9,	7,	1,	'',	4,	'2022-08-24 14:52:15'),
(10,	7,	1,	'asdad',	4,	'2022-09-11 05:54:52'),
(11,	4,	1,	'ok',	5,	'2022-09-12 11:59:29');

DROP TABLE IF EXISTS `outlet_ratings_img`;
CREATE TABLE `outlet_ratings_img` (
  `id_ratings` bigint DEFAULT NULL,
  `image` varchar(50) NOT NULL,
  `created_at` timestamp NOT NULL DEFAULT CURRENT_TIMESTAMP,
  KEY `id_ratings` (`id_ratings`)
) ENGINE=MyISAM DEFAULT CHARSET=latin1;

INSERT INTO `outlet_ratings_img` (`id_ratings`, `image`, `created_at`) VALUES
(2,	'pic-2387212725.png',	'2022-08-17 06:33:46'),
(3,	'pic-3243629268.png',	'2022-08-17 06:39:58'),
(4,	'pic-2909674792.png',	'2022-08-17 14:37:09'),
(8,	'pic-2784635448.png',	'2022-08-21 07:14:49'),
(8,	'pic-3851102743.png',	'2022-08-21 07:14:49'),
(10,	'pic-1660270670.png',	'2022-09-11 05:54:52');

DROP TABLE IF EXISTS `outlets`;
CREATE TABLE `outlets` (
  `id` bigint NOT NULL AUTO_INCREMENT,
  `name` varchar(50) NOT NULL,
  `city` varchar(50) NOT NULL,
  `districts` varchar(50) NOT NULL,
  `address` varchar(100) NOT NULL,
  `latitude` varchar(20) NOT NULL,
  `longitude` varchar(20) NOT NULL,
  `gmap_url` varchar(50) NOT NULL,
  PRIMARY KEY (`id`)
) ENGINE=MyISAM DEFAULT CHARSET=latin1;

INSERT INTO `outlets` (`id`, `name`, `city`, `districts`, `address`, `latitude`, `longitude`, `gmap_url`) VALUES
(1,	'Semesta Ban Ciledug',	'Cirebon',	'Ciledug',	'Jl Raya Kuningan Losari KM 39,5, Desa, Bojongnegara 45188',	'-6.8909125',	'108.7525081',	'https://goo.gl/maps/e2HJnDKKfzuCeMqZ9');

DROP TABLE IF EXISTS `payment_category`;
CREATE TABLE `payment_category` (
  `id` int NOT NULL AUTO_INCREMENT,
  `name` varchar(30) NOT NULL,
  PRIMARY KEY (`id`)
) ENGINE=InnoDB DEFAULT CHARSET=latin1;

INSERT INTO `payment_category` (`id`, `name`) VALUES
(1,	'Bayar Langsung'),
(2,	'Transfer Bank'),
(3,	'Dompet Digital / E-Wallet');

DROP TABLE IF EXISTS `payment_method`;
CREATE TABLE `payment_method` (
  `id` varchar(50) NOT NULL,
  `id_payment_category` int NOT NULL,
  `description` varchar(50) NOT NULL,
  `is_default` tinyint(1) NOT NULL DEFAULT '0',
  `icon` varchar(50) NOT NULL DEFAULT 'default.png',
  PRIMARY KEY (`id`),
  KEY `id_payment_category` (`id_payment_category`),
  CONSTRAINT `payment_method_ibfk_1` FOREIGN KEY (`id_payment_category`) REFERENCES `payment_category` (`id`)
) ENGINE=InnoDB DEFAULT CHARSET=latin1;

INSERT INTO `payment_method` (`id`, `id_payment_category`, `description`, `is_default`, `icon`) VALUES
('COD',	1,	'Bayar Langsung di Outlet kami',	1,	'cod.png'),
('TF_BCA',	2,	'BCA Virtual Account',	0,	'bca.png'),
('TF_BNI',	2,	'BNI Virtual Account',	0,	'bni.png'),
('TF_BRI',	2,	'BRIVA BRI Virtual Account',	0,	'bri.png'),
('TF_MANDIRI',	2,	'Mandiri Virtual Account',	0,	'mandiri.png'),
('TF_PERMATA',	2,	'Permata Bank Virtual Account',	0,	'permata.png');

DROP TABLE IF EXISTS `product_ratings`;
CREATE TABLE `product_ratings` (
  `id` bigint NOT NULL AUTO_INCREMENT,
  `customer_id` bigint NOT NULL,
  `product_id` bigint NOT NULL,
  `comment` varchar(200) DEFAULT NULL,
  `rating` tinyint NOT NULL,
  `created_at` timestamp NOT NULL DEFAULT CURRENT_TIMESTAMP,
  PRIMARY KEY (`id`),
  KEY `customer_id` (`customer_id`),
  KEY `product_id` (`product_id`)
) ENGINE=MyISAM DEFAULT CHARSET=latin1;

INSERT INTO `product_ratings` (`id`, `customer_id`, `product_id`, `comment`, `rating`, `created_at`) VALUES
(1,	4,	1,	'bannya awet banget',	5,	'2022-07-30 12:50:48'),
(2,	4,	1,	'bannya awet banget',	5,	'2022-08-17 06:29:37');

DROP TABLE IF EXISTS `product_ratings_img`;
CREATE TABLE `product_ratings_img` (
  `id_ratings` bigint DEFAULT NULL,
  `image` varchar(50) NOT NULL,
  `created_at` timestamp NOT NULL DEFAULT CURRENT_TIMESTAMP,
  KEY `id_ratings` (`id_ratings`)
) ENGINE=MyISAM DEFAULT CHARSET=latin1;

INSERT INTO `product_ratings_img` (`id_ratings`, `image`, `created_at`) VALUES
(1,	'pic-3579961085.png',	'2022-07-30 12:50:48'),
(1,	'pic-2198107670.png',	'2022-07-30 12:50:48'),
(2,	'pic-1765517101.png',	'2022-08-17 06:29:37');

DROP TABLE IF EXISTS `products`;
CREATE TABLE `products` (
  `KodePLU` bigint NOT NULL AUTO_INCREMENT,
  `KodeBarang` varchar(45) CHARACTER SET latin1 COLLATE latin1_swedish_ci NOT NULL COMMENT 'SKU = Kode Barang',
  `NamaBarang` varchar(250) NOT NULL,
  `Qty` decimal(18,2) DEFAULT '50.00' COMMENT 'yang dipake stokall',
  `HargaJual` decimal(18,2) NOT NULL,
  `HargaJualFinal` decimal(18,2) NOT NULL,
  `Disc` decimal(18,2) DEFAULT '0.00',
  `CreateBy` varchar(150) DEFAULT NULL,
  `CreateDate` date DEFAULT NULL,
  `Status` varchar(20) DEFAULT NULL,
  `StokAll` int NOT NULL DEFAULT '50' COMMENT 'yang dipake stokall',
  `IDUkuranRing` varchar(20) NOT NULL,
  `IDPosisi` int DEFAULT '1',
  `IDMerk` varchar(50) NOT NULL,
  `JenisBan` varchar(45) NOT NULL DEFAULT 'TUBE TYPE',
  `Deskripsi` text,
  `CreatedAt` timestamp NOT NULL DEFAULT CURRENT_TIMESTAMP,
  `UpdatedAt` timestamp NOT NULL DEFAULT CURRENT_TIMESTAMP ON UPDATE CURRENT_TIMESTAMP,
  `DeletedAt` timestamp NULL DEFAULT NULL,
  PRIMARY KEY (`KodePLU`),
  UNIQUE KEY `KodeBarang` (`KodeBarang`),
  KEY `IDUkuranRing` (`IDUkuranRing`)
) ENGINE=InnoDB DEFAULT CHARSET=latin1;

INSERT INTO `products` (`KodePLU`, `KodeBarang`, `NamaBarang`, `Qty`, `HargaJual`, `HargaJualFinal`, `Disc`, `CreateBy`, `CreateDate`, `Status`, `StokAll`, `IDUkuranRing`, `IDPosisi`, `IDMerk`, `JenisBan`, `Deskripsi`, `CreatedAt`, `UpdatedAt`, `DeletedAt`) VALUES
(36,	'OTFDR00079',	'BAN LUAR FDR 100/80-14 GENZI TL',	50.00,	290000.00,	290000.00,	0.00,	NULL,	'2023-01-08',	NULL,	50,	'100/80-14',	1,	'FDR',	'TUBE LESS',	'Lorem ipsum',	'2023-01-08 09:19:25',	'2023-01-08 09:19:25',	NULL),
(37,	'OTFDR00064',	'BAN LUAR FDR 100/80-14 HOVER TL',	50.00,	330000.00,	330000.00,	0.00,	NULL,	'2023-01-08',	NULL,	50,	'100/80-14',	1,	'FDR',	'TUBE LESS',	'Lorem ipsum',	'2023-01-08 09:19:25',	'2023-01-08 09:19:25',	NULL),
(38,	'OTFDR00063',	'BAN LUAR FDR 100/80-14 SPORT XR EVO TL',	50.00,	323000.00,	323000.00,	0.00,	NULL,	'2023-01-08',	NULL,	50,	'100/80-14',	1,	'FDR',	'TUBE LESS',	'Lorem ipsum',	'2023-01-08 09:19:25',	'2023-01-08 09:19:25',	NULL),
(39,	'OTFDR00004',	'BAN LUAR FDR 100/90-12 CITYGO TL',	50.00,	256000.00,	256000.00,	0.00,	NULL,	'2023-01-08',	NULL,	50,	'100/90-12',	1,	'FDR',	'TUBE LESS',	'Lorem ipsum',	'2023-01-08 09:19:25',	'2023-01-08 09:19:25',	NULL),
(40,	'OTFDR00065',	'BAN LUAR FDR 100/90-12 VELO GRIP TL',	50.00,	287000.00,	287000.00,	0.00,	NULL,	'2023-01-08',	NULL,	50,	'100/90-12',	1,	'FDR',	'TUBE LESS',	'Lorem ipsum',	'2023-01-08 09:19:25',	'2023-01-08 09:19:25',	NULL),
(41,	'OTFDR00005',	'BAN LUAR FDR 100/90-18 CITY POWER TT',	50.00,	367000.00,	367000.00,	0.00,	NULL,	'2023-01-08',	NULL,	50,	'100/90-18',	1,	'FDR',	'TUBE TYPE',	'Lorem ipsum',	'2023-01-08 09:19:25',	'2023-01-08 09:19:25',	NULL),
(42,	'OTFDR00007',	'BAN LUAR FDR 110/80-14 SPORT XR EVO TL',	50.00,	360000.00,	360000.00,	0.00,	NULL,	'2023-01-08',	NULL,	50,	'110/80-14',	1,	'FDR',	'TUBE LESS',	'Lorem ipsum',	'2023-01-08 09:19:25',	'2023-01-08 09:19:25',	NULL),
(43,	'OTFDR00008',	'BAN LUAR FDR 110/90-12 CITYGO TL',	50.00,	310000.00,	310000.00,	0.00,	NULL,	'2023-01-08',	NULL,	50,	'110/90-12',	1,	'FDR',	'TUBE LESS',	'Lorem ipsum',	'2023-01-08 09:19:25',	'2023-01-08 09:19:25',	NULL),
(44,	'OTFDR00066',	'BAN LUAR FDR 110/90-12 VELO GRIP TL',	50.00,	356000.00,	356000.00,	0.00,	NULL,	'2023-01-08',	NULL,	50,	'110/90-12',	1,	'FDR',	'TUBE LESS',	'Lorem ipsum',	'2023-01-08 09:19:25',	'2023-01-08 09:19:25',	NULL),
(45,	'OTFDR00009',	'BAN LUAR FDR 120/70-13 SPORT ZEVO TL',	50.00,	367000.00,	367000.00,	0.00,	NULL,	'2023-01-08',	NULL,	50,	'120/70-13',	1,	'FDR',	'TUBE LESS',	'Lorem ipsum',	'2023-01-08 09:19:25',	'2023-01-08 09:19:25',	NULL),
(46,	'OTFDR00013',	'BAN LUAR FDR 140/70-13 SPORT ZEVO TL',	50.00,	465000.00,	465000.00,	0.00,	NULL,	'2023-01-08',	NULL,	50,	'140/70-13',	1,	'FDR',	'TUBE LESS',	'Lorem ipsum',	'2023-01-08 09:19:25',	'2023-01-08 09:19:25',	NULL),
(47,	'OTFDR00014',	'BAN LUAR FDR 140/70-14 SPORT XR EVO TL',	50.00,	495000.00,	495000.00,	0.00,	NULL,	'2023-01-08',	NULL,	50,	'140/70-14',	1,	'FDR',	'TUBE LESS',	'Lorem ipsum',	'2023-01-08 09:19:25',	'2023-01-08 09:19:25',	NULL),
(48,	'OTFDR00017',	'BAN LUAR FDR 275-18 CITY POWER TT',	50.00,	253000.00,	253000.00,	0.00,	NULL,	'2023-01-08',	NULL,	50,	'275-18',	1,	'FDR',	'TUBE TYPE',	'Lorem ipsum',	'2023-01-08 09:19:25',	'2023-01-08 09:19:25',	NULL),
(49,	'OTFDR00021',	'BAN LUAR FDR 60/80-17 GENZI TT',	50.00,	175000.00,	175000.00,	0.00,	NULL,	'2023-01-08',	NULL,	50,	'60/80-17',	1,	'FDR',	'TUBE TYPE',	'Lorem ipsum',	'2023-01-08 09:19:25',	'2023-01-08 09:19:25',	NULL),
(50,	'OTFDR00023',	'BAN LUAR FDR 60/90-17 SPARTAX TT',	50.00,	172000.00,	172000.00,	0.00,	NULL,	'2023-01-08',	NULL,	50,	'60/90-17',	1,	'FDR',	'TUBE TYPE',	'Lorem ipsum',	'2023-01-08 09:19:25',	'2023-01-08 09:19:25',	NULL),
(51,	'OTFDR00025',	'BAN LUAR FDR 70/80-17 GENZI TT',	50.00,	192000.00,	192000.00,	0.00,	NULL,	'2023-01-08',	NULL,	50,	'70/80-17',	1,	'FDR',	'TUBE TYPE',	'Lorem ipsum',	'2023-01-08 09:19:25',	'2023-01-08 09:19:25',	NULL),
(52,	'OTFDR00068',	'BAN LUAR FDR 70/90-14 FLEMMO TT',	50.00,	170000.00,	170000.00,	0.00,	NULL,	'2023-01-08',	NULL,	50,	'70/90-14',	1,	'FDR',	'TUBE TYPE',	'Lorem ipsum',	'2023-01-08 09:19:25',	'2023-01-08 09:19:25',	NULL),
(53,	'OTFDR00067',	'BAN LUAR FDR 70/90-14 SPARTAX TL',	50.00,	192000.00,	192000.00,	0.00,	NULL,	'2023-01-08',	NULL,	50,	'70/90-14',	1,	'FDR',	'TUBE LESS',	'Lorem ipsum',	'2023-01-08 09:19:25',	'2023-01-08 09:19:25',	NULL),
(54,	'OTFDR00028',	'BAN LUAR FDR 70/90-14 SPARTAX TT',	50.00,	170000.00,	170000.00,	0.00,	NULL,	'2023-01-08',	NULL,	50,	'70/90-14',	1,	'FDR',	'TUBE TYPE',	'Lorem ipsum',	'2023-01-08 09:19:25',	'2023-01-08 09:19:25',	NULL),
(55,	'OTFDR00031',	'BAN LUAR FDR 70/90-17 FLEMMO TT',	50.00,	184500.00,	184500.00,	0.00,	NULL,	'2023-01-08',	NULL,	50,	'70/90-17',	1,	'FDR',	'TUBE TYPE',	'Lorem ipsum',	'2023-01-08 09:19:25',	'2023-01-08 09:19:25',	NULL),
(56,	'OTFDR00032',	'BAN LUAR FDR 70/90-17 SPARTAX TT',	50.00,	184500.00,	184500.00,	0.00,	NULL,	'2023-01-08',	NULL,	50,	'70/90-17',	1,	'FDR',	'TUBE TYPE',	'Lorem ipsum',	'2023-01-08 09:19:25',	'2023-01-08 09:19:25',	NULL),
(57,	'OTFDR00076',	'BAN LUAR FDR 80/80-14 GENZI TL',	50.00,	223000.00,	223000.00,	0.00,	NULL,	'2023-01-08',	NULL,	50,	'80/80-14',	1,	'FDR',	'TUBE LESS',	'Lorem ipsum',	'2023-01-08 09:19:25',	'2023-01-08 09:19:25',	NULL),
(58,	'OTFDR00035',	'BAN LUAR FDR 80/90-14 FACIO TL',	50.00,	238000.00,	238000.00,	0.00,	NULL,	'2023-01-08',	NULL,	50,	'80/90-14',	1,	'FDR',	'TUBE LESS',	'Lorem ipsum',	'2023-01-08 09:19:25',	'2023-01-08 09:19:25',	NULL),
(59,	'OTFDR00036',	'BAN LUAR FDR 80/90-14 FLEMINO TL',	50.00,	238000.00,	238000.00,	0.00,	NULL,	'2023-01-08',	NULL,	50,	'80/90-14',	1,	'FDR',	'TUBE LESS',	'Lorem ipsum',	'2023-01-08 09:19:25',	'2023-01-08 09:19:25',	NULL),
(60,	'OTFDR00038',	'BAN LUAR FDR 80/90-14 FLEMMO TL',	50.00,	238000.00,	238000.00,	0.00,	NULL,	'2023-01-08',	NULL,	50,	'80/90-14',	1,	'FDR',	'TUBE LESS',	'Lorem ipsum',	'2023-01-08 09:19:25',	'2023-01-08 09:19:25',	NULL),
(61,	'OTFDR00039',	'BAN LUAR FDR 80/90-14 FLEMMO TT',	50.00,	181000.00,	181000.00,	0.00,	NULL,	'2023-01-08',	NULL,	50,	'80/90-14',	1,	'FDR',	'TUBE TYPE',	'Lorem ipsum',	'2023-01-08 09:19:25',	'2023-01-08 09:19:25',	NULL),
(62,	'OTFDR00040',	'BAN LUAR FDR 80/90-14 HOVER TL',	50.00,	250000.00,	250000.00,	0.00,	NULL,	'2023-01-08',	NULL,	50,	'80/90-14',	1,	'FDR',	'TUBE LESS',	'Lorem ipsum',	'2023-01-08 09:19:25',	'2023-01-08 09:19:25',	NULL),
(63,	'OTFDR00069',	'BAN LUAR FDR 80/90-14 SPARTAX TL',	50.00,	238000.00,	238000.00,	0.00,	NULL,	'2023-01-08',	NULL,	50,	'80/90-14',	1,	'FDR',	'TUBE LESS',	'Lorem ipsum',	'2023-01-08 09:19:25',	'2023-01-08 09:19:25',	NULL),
(64,	'OTFDR00041',	'BAN LUAR FDR 80/90-14 SPARTAX TT',	50.00,	181000.00,	181000.00,	0.00,	NULL,	'2023-01-08',	NULL,	50,	'80/90-14',	1,	'FDR',	'TUBE TYPE',	'Lorem ipsum',	'2023-01-08 09:19:25',	'2023-01-08 09:19:25',	NULL),
(65,	'OTFDR00062',	'BAN LUAR FDR 80/90-14 SPORT XR EVO TL',	50.00,	243000.00,	243000.00,	0.00,	NULL,	'2023-01-08',	NULL,	50,	'80/90-14',	1,	'FDR',	'TUBE LESS',	'Lorem ipsum',	'2023-01-08 09:19:25',	'2023-01-08 09:19:25',	NULL),
(66,	'OTFDR00044',	'BAN LUAR FDR 80/90-17 FLEMMO TT',	50.00,	229000.00,	229000.00,	0.00,	NULL,	'2023-01-08',	NULL,	50,	'80/90-17',	1,	'FDR',	'TUBE TYPE',	'Lorem ipsum',	'2023-01-08 09:19:25',	'2023-01-08 09:19:25',	NULL),
(67,	'OTFDR00045',	'BAN LUAR FDR 80/90-17 SPARTAX TT',	50.00,	229000.00,	229000.00,	0.00,	NULL,	'2023-01-08',	NULL,	50,	'80/90-17',	1,	'FDR',	'TUBE TYPE',	'Lorem ipsum',	'2023-01-08 09:19:25',	'2023-01-08 09:19:25',	NULL),
(68,	'OTFDR00047',	'BAN LUAR FDR 80/90-18 FLEMMO TT',	50.00,	275000.00,	275000.00,	0.00,	NULL,	'2023-01-08',	NULL,	50,	'80/90-18',	1,	'FDR',	'TUBE TYPE',	'Lorem ipsum',	'2023-01-08 09:19:25',	'2023-01-08 09:19:25',	NULL),
(69,	'OTFDR00077',	'BAN LUAR FDR 90/80-14 GENZI TL',	50.00,	270000.00,	270000.00,	0.00,	NULL,	'2023-01-08',	NULL,	50,	'90/80-14',	1,	'FDR',	'TUBE LESS',	'Lorem ipsum',	'2023-01-08 09:19:25',	'2023-01-08 09:19:25',	NULL),
(70,	'OTFDR00070',	'BAN LUAR FDR 90/80-14 MP-27 TL',	50.00,	357000.00,	357000.00,	0.00,	NULL,	'2023-01-08',	NULL,	50,	'90/80-14',	1,	'FDR',	'TUBE LESS',	'Lorem ipsum',	'2023-01-08 09:19:25',	'2023-01-08 09:19:25',	NULL),
(71,	'OTFDR00071',	'BAN LUAR FDR 90/80-14 MP-76 TL',	50.00,	357000.00,	357000.00,	0.00,	NULL,	'2023-01-08',	NULL,	50,	'90/80-14',	1,	'FDR',	'TUBE LESS',	'Lorem ipsum',	'2023-01-08 09:19:25',	'2023-01-08 09:19:25',	NULL),
(72,	'OTFDR00050',	'BAN LUAR FDR 90/80-17 FLEMMO TT',	50.00,	280000.00,	280000.00,	0.00,	NULL,	'2023-01-08',	NULL,	50,	'90/80-17',	1,	'FDR',	'TUBE TYPE',	'Lorem ipsum',	'2023-01-08 09:19:25',	'2023-01-08 09:19:25',	NULL),
(73,	'OTFDR00072',	'BAN LUAR FDR 90/80-17 MP-27 TL',	50.00,	464000.00,	464000.00,	0.00,	NULL,	'2023-01-08',	NULL,	50,	'90/80-17',	1,	'FDR',	'TUBE LESS',	'Lorem ipsum',	'2023-01-08 09:19:25',	'2023-01-08 09:19:25',	NULL),
(74,	'OTFDR00073',	'BAN LUAR FDR 90/80-17 MP-76 TL',	50.00,	464000.00,	464000.00,	0.00,	NULL,	'2023-01-08',	NULL,	50,	'90/80-17',	1,	'FDR',	'TUBE LESS',	'Lorem ipsum',	'2023-01-08 09:19:25',	'2023-01-08 09:19:25',	NULL),
(75,	'OTFDR00051',	'BAN LUAR FDR 90/80-17 SPARTAX TT',	50.00,	280000.00,	280000.00,	0.00,	NULL,	'2023-01-08',	NULL,	50,	'90/80-17',	1,	'FDR',	'TUBE TYPE',	'Lorem ipsum',	'2023-01-08 09:19:25',	'2023-01-08 09:19:25',	NULL),
(76,	'OTFDR00052',	'BAN LUAR FDR 90/80-17 SPORT XR EVO TL',	50.00,	336000.00,	336000.00,	0.00,	NULL,	'2023-01-08',	NULL,	50,	'90/80-17',	1,	'FDR',	'TUBE LESS',	'Lorem ipsum',	'2023-01-08 09:19:25',	'2023-01-08 09:19:25',	NULL),
(77,	'OTFDR00054',	'BAN LUAR FDR 90/90-14 FACIO TL',	50.00,	270000.00,	270000.00,	0.00,	NULL,	'2023-01-08',	NULL,	50,	'90/90-14',	1,	'FDR',	'TUBE LESS',	'Lorem ipsum',	'2023-01-08 09:19:25',	'2023-01-08 09:19:25',	NULL),
(78,	'OTFDR00055',	'BAN LUAR FDR 90/90-14 FLEMINO TL',	50.00,	270000.00,	270000.00,	0.00,	NULL,	'2023-01-08',	NULL,	50,	'90/90-14',	1,	'FDR',	'TUBE LESS',	'Lorem ipsum',	'2023-01-08 09:19:25',	'2023-01-08 09:19:25',	NULL),
(79,	'OTFDR00057',	'BAN LUAR FDR 90/90-14 FLEMMO TL',	50.00,	270000.00,	270000.00,	0.00,	NULL,	'2023-01-08',	NULL,	50,	'90/90-14',	1,	'FDR',	'TUBE LESS',	'Lorem ipsum',	'2023-01-08 09:19:25',	'2023-01-08 09:19:25',	NULL),
(80,	'OTFDR00058',	'BAN LUAR FDR 90/90-14 FLEMMO TT',	50.00,	225000.00,	225000.00,	0.00,	NULL,	'2023-01-08',	NULL,	50,	'90/90-14',	1,	'FDR',	'TUBE TYPE',	'Lorem ipsum',	'2023-01-08 09:19:25',	'2023-01-08 09:19:25',	NULL),
(81,	'OTFDR00059',	'BAN LUAR FDR 90/90-14 HOVER TL',	50.00,	290000.00,	290000.00,	0.00,	NULL,	'2023-01-08',	NULL,	50,	'90/90-14',	1,	'FDR',	'TUBE LESS',	'Lorem ipsum',	'2023-01-08 09:19:25',	'2023-01-08 09:19:25',	NULL),
(82,	'OTFDR00075',	'BAN LUAR FDR 90/90-14 SPARTAX TL',	50.00,	270000.00,	270000.00,	0.00,	NULL,	'2023-01-08',	NULL,	50,	'90/90-14',	1,	'FDR',	'TUBE LESS',	'Lorem ipsum',	'2023-01-08 09:19:25',	'2023-01-08 09:19:25',	NULL),
(83,	'OTFDR00060',	'BAN LUAR FDR 90/90-14 SPARTAX TT',	50.00,	225000.00,	225000.00,	0.00,	NULL,	'2023-01-08',	NULL,	50,	'90/90-14',	1,	'FDR',	'TUBE TYPE',	'Lorem ipsum',	'2023-01-08 09:19:25',	'2023-01-08 09:19:25',	NULL),
(84,	'OTFDR00074',	'BAN LUAR FDR 90/90-14 SPORT XR EVO TL',	50.00,	280000.00,	280000.00,	0.00,	NULL,	'2023-01-08',	NULL,	50,	'90/90-14',	1,	'FDR',	'TUBE LESS',	'Lorem ipsum',	'2023-01-08 09:19:25',	'2023-01-08 09:19:25',	NULL),
(85,	'OTFDR00061',	'BAN LUAR FDR 90/90-18 FLEMMO TT',	50.00,	313000.00,	313000.00,	0.00,	NULL,	'2023-01-08',	NULL,	50,	'90/90-18',	1,	'FDR',	'TUBE TYPE',	'Lorem ipsum',	'2023-01-08 09:19:25',	'2023-01-08 09:19:25',	NULL),
(86,	'OTAHM00003',	'BAN LUAR FEDERAL(AHM) 100/80-14 K59A72 TL',	50.00,	324000.00,	324000.00,	0.00,	NULL,	'2023-01-08',	NULL,	50,	'100/80-14',	1,	'AHM',	'TUBE LESS',	'Lorem ipsum',	'2023-01-08 09:19:25',	'2023-01-08 09:51:33',	NULL),
(87,	'OTAHM00004',	'BAN LUAR FEDERAL(AHM) 100/90-12 K93 TL',	50.00,	259000.00,	259000.00,	0.00,	NULL,	'2023-01-08',	NULL,	50,	'100/90-12',	1,	'AHM',	'TUBE LESS',	'Lorem ipsum',	'2023-01-08 09:19:25',	'2023-01-08 09:51:33',	NULL),
(88,	'OTAHM00005',	'BAN LUAR FEDERAL(AHM) 110/90-12 K93 TL',	50.00,	314000.00,	314000.00,	0.00,	NULL,	'2023-01-08',	NULL,	50,	'110/90-12',	1,	'AHM',	'TUBE LESS',	'Lorem ipsum',	'2023-01-08 09:19:25',	'2023-01-08 09:51:33',	NULL),
(89,	'OTAHM00008',	'BAN LUAR FEDERAL(AHM) 70/90-17 KTM/KPH/KWW TT',	50.00,	188000.00,	188000.00,	0.00,	NULL,	'2023-01-08',	NULL,	50,	'70/90-17',	1,	'AHM',	'TUBE TYPE',	'Lorem ipsum',	'2023-01-08 09:19:25',	'2023-01-08 09:51:33',	NULL),
(90,	'OTAHM00009',	'BAN LUAR FEDERAL(AHM) 80/90-14 K59A12 TL',	50.00,	244000.00,	244000.00,	0.00,	NULL,	'2023-01-08',	NULL,	50,	'80/90-14',	1,	'AHM',	'TUBE LESS',	'Lorem ipsum',	'2023-01-08 09:19:25',	'2023-01-08 09:51:33',	NULL),
(91,	'OTAHM00010',	'BAN LUAR FEDERAL(AHM) 80/90-14 KVB TT',	50.00,	183000.00,	183000.00,	0.00,	NULL,	'2023-01-08',	NULL,	50,	'80/90-14',	1,	'AHM',	'TUBE TYPE',	'Lorem ipsum',	'2023-01-08 09:19:25',	'2023-01-08 09:51:33',	NULL),
(92,	'OTAHM00011',	'BAN LUAR FEDERAL(AHM) 80/90-17 KTM/KPH/KWW TT',	50.00,	232000.00,	232000.00,	0.00,	NULL,	'2023-01-08',	NULL,	50,	'80/90-17',	1,	'AHM',	'TUBE TYPE',	'Lorem ipsum',	'2023-01-08 09:19:25',	'2023-01-08 09:51:33',	NULL),
(93,	'OTAHM00012',	'BAN LUAR FEDERAL(AHM) 90/80-14 K59A72 TL',	50.00,	284000.00,	284000.00,	0.00,	NULL,	'2023-01-08',	NULL,	50,	'90/80-14',	1,	'AHM',	'TUBE LESS',	'Lorem ipsum',	'2023-01-08 09:19:25',	'2023-01-08 09:51:33',	NULL),
(94,	'OTAHM00013',	'BAN LUAR FEDERAL(AHM) 90/90-14 K59A12 TL',	50.00,	275000.00,	275000.00,	0.00,	NULL,	'2023-01-08',	NULL,	50,	'90/90-14',	1,	'AHM',	'TUBE LESS',	'Lorem ipsum',	'2023-01-08 09:19:25',	'2023-01-08 09:51:33',	NULL),
(95,	'OTAHM00014',	'BAN LUAR FEDERAL(AHM) 90/90-14 KVB TT',	50.00,	227000.00,	227000.00,	0.00,	NULL,	'2023-01-08',	NULL,	50,	'90/90-14',	1,	'AHM',	'TUBE TYPE',	'Lorem ipsum',	'2023-01-08 09:19:25',	'2023-01-08 09:51:33',	NULL),
(96,	'OTIRC00003',	'BAN LUAR IRC 100/70-14 NR 82 TL',	50.00,	335000.00,	335000.00,	0.00,	NULL,	'2023-01-08',	NULL,	50,	'100/70-14',	1,	'IRC',	'TUBE LESS',	'Lorem ipsum',	'2023-01-08 09:19:25',	'2023-01-08 09:19:25',	NULL),
(97,	'OTIRC00004',	'BAN LUAR IRC 100/70-14 NR 82 TT',	50.00,	252000.00,	252000.00,	0.00,	NULL,	'2023-01-08',	NULL,	50,	'100/70-14',	1,	'IRC',	'TUBE TYPE',	'Lorem ipsum',	'2023-01-08 09:19:25',	'2023-01-08 09:19:25',	NULL),
(98,	'OTIRC00005',	'BAN LUAR IRC 100/70-17 NR 82 TT',	50.00,	335000.00,	335000.00,	0.00,	NULL,	'2023-01-08',	NULL,	50,	'100/70-17',	1,	'IRC',	'TUBE TYPE',	'Lorem ipsum',	'2023-01-08 09:19:25',	'2023-01-08 09:19:25',	NULL),
(99,	'OTIRC00006',	'BAN LUAR IRC 100/80-14 EXATO NR 88 TL',	50.00,	335000.00,	335000.00,	0.00,	NULL,	'2023-01-08',	NULL,	50,	'100/80-14',	1,	'IRC',	'TUBE LESS',	'Lorem ipsum',	'2023-01-08 09:19:25',	'2023-01-08 09:19:25',	NULL),
(100,	'OTIRC00007',	'BAN LUAR IRC 100/80-14 FASTI PRO TL',	50.00,	435000.00,	435000.00,	0.00,	NULL,	'2023-01-08',	NULL,	50,	'100/80-14',	1,	'IRC',	'TUBE LESS',	'Lorem ipsum',	'2023-01-08 09:19:25',	'2023-01-08 09:19:25',	NULL),
(101,	'OTIRC00008',	'BAN LUAR IRC 100/80-14 GP 5 TL',	50.00,	335000.00,	335000.00,	0.00,	NULL,	'2023-01-08',	NULL,	50,	'100/80-14',	1,	'IRC',	'TUBE LESS',	'Lorem ipsum',	'2023-01-08 09:19:25',	'2023-01-08 09:19:25',	NULL),
(102,	'OTIRC00009',	'BAN LUAR IRC 100/80-14 NR 95 TL',	50.00,	335000.00,	335000.00,	0.00,	NULL,	'2023-01-08',	NULL,	50,	'100/80-14',	1,	'IRC',	'TUBE LESS',	'Lorem ipsum',	'2023-01-08 09:19:25',	'2023-01-08 09:19:25',	NULL),
(103,	'OTIRC00010',	'BAN LUAR IRC 100/80-14 REBORN NR 87 TL',	50.00,	335000.00,	335000.00,	0.00,	NULL,	'2023-01-08',	NULL,	50,	'100/80-14',	1,	'IRC',	'TUBE LESS',	'Lorem ipsum',	'2023-01-08 09:19:25',	'2023-01-08 09:19:25',	NULL),
(104,	'OTIRC00011',	'BAN LUAR IRC 100/80-14 SCT-006 TL',	50.00,	335000.00,	335000.00,	0.00,	NULL,	'2023-01-08',	NULL,	50,	'100/80-14',	1,	'IRC',	'TUBE LESS',	'Lorem ipsum',	'2023-01-08 09:19:25',	'2023-01-08 09:19:25',	NULL),
(105,	'OTIRC00012',	'BAN LUAR IRC 100/80-14 SS 560 TT',	50.00,	252000.00,	252000.00,	0.00,	NULL,	'2023-01-08',	NULL,	50,	'100/80-14',	1,	'IRC',	'TUBE TYPE',	'Lorem ipsum',	'2023-01-08 09:19:25',	'2023-01-08 09:19:25',	NULL),
(106,	'OTIRC00013',	'BAN LUAR IRC 100/80-17 EXATO NR 88 TL',	50.00,	410000.00,	410000.00,	0.00,	NULL,	'2023-01-08',	NULL,	50,	'100/80-17',	1,	'IRC',	'TUBE LESS',	'Lorem ipsum',	'2023-01-08 09:19:25',	'2023-01-08 09:19:25',	NULL),
(107,	'OTIRC00014',	'BAN LUAR IRC 100/80-17 NR 85 TL',	50.00,	410000.00,	410000.00,	0.00,	NULL,	'2023-01-08',	NULL,	50,	'100/80-17',	1,	'IRC',	'TUBE LESS',	'Lorem ipsum',	'2023-01-08 09:19:25',	'2023-01-08 09:19:25',	NULL),
(108,	'OTIRC00015',	'BAN LUAR IRC 100/80-17 RX-01 F TL',	50.00,	410000.00,	410000.00,	0.00,	NULL,	'2023-01-08',	NULL,	50,	'100/80-17',	1,	'IRC',	'TUBE LESS',	'Lorem ipsum',	'2023-01-08 09:19:25',	'2023-01-08 09:19:25',	NULL),
(109,	'OTIRC00016',	'BAN LUAR IRC 100/80-17 RX-01 F TT',	50.00,	335000.00,	335000.00,	0.00,	NULL,	'2023-01-08',	NULL,	50,	'100/80-17',	1,	'IRC',	'TUBE TYPE',	'Lorem ipsum',	'2023-01-08 09:19:25',	'2023-01-08 09:19:25',	NULL),
(110,	'OTIRC00017',	'BAN LUAR IRC 100/90-12 MB 86 TL',	50.00,	272000.00,	272000.00,	0.00,	NULL,	'2023-01-08',	NULL,	50,	'100/90-12',	1,	'IRC',	'TUBE LESS',	'Lorem ipsum',	'2023-01-08 09:19:25',	'2023-01-08 09:19:25',	NULL),
(111,	'OTIRC00019',	'BAN LUAR IRC 100/90-14 SCT-004 TL',	50.00,	352000.00,	352000.00,	0.00,	NULL,	'2023-01-08',	NULL,	50,	'100/90-14',	1,	'IRC',	'TUBE LESS',	'Lorem ipsum',	'2023-01-08 09:19:25',	'2023-01-08 09:19:25',	NULL),
(112,	'OTIRC00020',	'BAN LUAR IRC 100/90-17 GP 210 TT',	50.00,	335000.00,	335000.00,	0.00,	NULL,	'2023-01-08',	NULL,	50,	'100/90-17',	1,	'IRC',	'TUBE TYPE',	'Lorem ipsum',	'2023-01-08 09:19:25',	'2023-01-08 09:19:25',	NULL),
(113,	'OTIRC00021',	'BAN LUAR IRC 100/90-17 NR 25 TL',	50.00,	410000.00,	410000.00,	0.00,	NULL,	'2023-01-08',	NULL,	50,	'100/90-17',	1,	'IRC',	'TUBE LESS',	'Lorem ipsum',	'2023-01-08 09:19:25',	'2023-01-08 09:19:25',	NULL),
(114,	'OTIRC00022',	'BAN LUAR IRC 100/90-17 NR 25 TT',	50.00,	335000.00,	335000.00,	0.00,	NULL,	'2023-01-08',	NULL,	50,	'100/90-17',	1,	'IRC',	'TUBE TYPE',	'Lorem ipsum',	'2023-01-08 09:19:25',	'2023-01-08 09:19:25',	NULL),
(115,	'OTIRC00023',	'BAN LUAR IRC 100/90-18 NR 25 TT',	50.00,	380000.00,	380000.00,	0.00,	NULL,	'2023-01-08',	NULL,	50,	'100/90-18',	1,	'IRC',	'TUBE TYPE',	'Lorem ipsum',	'2023-01-08 09:19:25',	'2023-01-08 09:19:25',	NULL),
(116,	'OTIRC00024',	'BAN LUAR IRC 100/90-18 NR 65 TT',	50.00,	380000.00,	380000.00,	0.00,	NULL,	'2023-01-08',	NULL,	50,	'100/90-18',	1,	'IRC',	'TUBE TYPE',	'Lorem ipsum',	'2023-01-08 09:19:25',	'2023-01-08 09:19:25',	NULL),
(117,	'OTIRC00025',	'BAN LUAR IRC 110/70-13 EXATO NR 88 TL',	50.00,	335000.00,	335000.00,	0.00,	NULL,	'2023-01-08',	NULL,	50,	'110/70-13',	1,	'IRC',	'TUBE LESS',	'Lorem ipsum',	'2023-01-08 09:19:25',	'2023-01-08 09:19:25',	NULL),
(118,	'OTIRC00026',	'BAN LUAR IRC 110/70-13 SS 570 F TL',	50.00,	335000.00,	335000.00,	0.00,	NULL,	'2023-01-08',	NULL,	50,	'110/70-13',	1,	'IRC',	'TUBE LESS',	'Lorem ipsum',	'2023-01-08 09:19:25',	'2023-01-08 09:19:25',	NULL),
(119,	'OTIRC00027',	'BAN LUAR IRC 110/70-14 SCT-006 TL',	50.00,	370000.00,	370000.00,	0.00,	NULL,	'2023-01-08',	NULL,	50,	'110/70-14',	1,	'IRC',	'TUBE LESS',	'Lorem ipsum',	'2023-01-08 09:19:25',	'2023-01-08 09:19:25',	NULL),
(120,	'OTIRC00028',	'BAN LUAR IRC 110/70-17 EXATO NR 88 TL',	50.00,	475000.00,	475000.00,	0.00,	NULL,	'2023-01-08',	NULL,	50,	'110/70-17',	1,	'IRC',	'TUBE LESS',	'Lorem ipsum',	'2023-01-08 09:19:25',	'2023-01-08 09:19:25',	NULL),
(121,	'OTIRC00029',	'BAN LUAR IRC 110/70-17 FASTI 1 TL',	50.00,	540000.00,	540000.00,	0.00,	NULL,	'2023-01-08',	NULL,	50,	'110/70-17',	1,	'IRC',	'TUBE LESS',	'Lorem ipsum',	'2023-01-08 09:19:25',	'2023-01-08 09:19:25',	NULL),
(122,	'OTIRC00030',	'BAN LUAR IRC 110/70-17 FASTI PRO TL',	50.00,	540000.00,	540000.00,	0.00,	NULL,	'2023-01-08',	NULL,	50,	'110/70-17',	1,	'IRC',	'TUBE LESS',	'Lorem ipsum',	'2023-01-08 09:19:25',	'2023-01-08 09:19:25',	NULL),
(123,	'OTIRC00031',	'BAN LUAR IRC 110/70-17 GP 211 TL',	50.00,	475000.00,	475000.00,	0.00,	NULL,	'2023-01-08',	NULL,	50,	'110/70-17',	1,	'IRC',	'TUBE LESS',	'Lorem ipsum',	'2023-01-08 09:19:25',	'2023-01-08 09:19:25',	NULL),
(124,	'OTIRC00032',	'BAN LUAR IRC 110/70-17 RX-01 F TL',	50.00,	475000.00,	475000.00,	0.00,	NULL,	'2023-01-08',	NULL,	50,	'110/70-17',	1,	'IRC',	'TUBE LESS',	'Lorem ipsum',	'2023-01-08 09:19:25',	'2023-01-08 09:19:25',	NULL),
(125,	'OTIRC00033',	'BAN LUAR IRC 110/80-14 REBORN NR 87 TL',	50.00,	370000.00,	370000.00,	0.00,	NULL,	'2023-01-08',	NULL,	50,	'110/80-14',	1,	'IRC',	'TUBE LESS',	'Lorem ipsum',	'2023-01-08 09:19:25',	'2023-01-08 09:19:25',	NULL),
(126,	'OTIRC00034',	'BAN LUAR IRC 110/80-14 SCT-005F TL',	50.00,	370000.00,	370000.00,	0.00,	NULL,	'2023-01-08',	NULL,	50,	'110/80-14',	1,	'IRC',	'TUBE LESS',	'Lorem ipsum',	'2023-01-08 09:19:25',	'2023-01-08 09:19:25',	NULL),
(127,	'OTIRC00035',	'BAN LUAR IRC 110/90-12 MB 67 TL',	50.00,	328000.00,	328000.00,	0.00,	NULL,	'2023-01-08',	NULL,	50,	'110/90-12',	1,	'IRC',	'TUBE LESS',	'Lorem ipsum',	'2023-01-08 09:19:25',	'2023-01-08 09:19:25',	NULL),
(128,	'OTIRC00037',	'BAN LUAR IRC 120/70-14 SCT-007 TL',	50.00,	400000.00,	400000.00,	0.00,	NULL,	'2023-01-08',	NULL,	50,	'120/70-14',	1,	'IRC',	'TUBE LESS',	'Lorem ipsum',	'2023-01-08 09:19:25',	'2023-01-08 09:19:25',	NULL),
(129,	'OTIRC00038',	'BAN LUAR IRC 120/70-17 EXATO NR 88 TL',	50.00,	508000.00,	508000.00,	0.00,	NULL,	'2023-01-08',	NULL,	50,	'120/70-17',	1,	'IRC',	'TUBE LESS',	'Lorem ipsum',	'2023-01-08 09:19:25',	'2023-01-08 09:19:25',	NULL),
(130,	'OTIRC00039',	'BAN LUAR IRC 120/70-17 NF 67 TL',	50.00,	508000.00,	508000.00,	0.00,	NULL,	'2023-01-08',	NULL,	50,	'120/70-17',	1,	'IRC',	'TUBE LESS',	'Lorem ipsum',	'2023-01-08 09:19:25',	'2023-01-08 09:19:25',	NULL),
(131,	'OTIRC00040',	'BAN LUAR IRC 120/70-17 NR 83 TL',	50.00,	508000.00,	508000.00,	0.00,	NULL,	'2023-01-08',	NULL,	50,	'120/70-17',	1,	'IRC',	'TUBE LESS',	'Lorem ipsum',	'2023-01-08 09:19:25',	'2023-01-08 09:19:25',	NULL),
(132,	'OTIRC00041',	'BAN LUAR IRC 120/70-17 RX-01 R TL',	50.00,	508000.00,	508000.00,	0.00,	NULL,	'2023-01-08',	NULL,	50,	'120/70-17',	1,	'IRC',	'TUBE LESS',	'Lorem ipsum',	'2023-01-08 09:19:25',	'2023-01-08 09:19:25',	NULL),
(133,	'OTIRC00043',	'BAN LUAR IRC 120/70-17 RX-02 F TL',	50.00,	520000.00,	520000.00,	0.00,	NULL,	'2023-01-08',	NULL,	50,	'120/70-17',	1,	'IRC',	'TUBE LESS',	'Lorem ipsum',	'2023-01-08 09:19:25',	'2023-01-08 09:19:25',	NULL),
(134,	'OTIRC00044',	'BAN LUAR IRC 130/70-13 EXATO NR 88 TL',	50.00,	415000.00,	415000.00,	0.00,	NULL,	'2023-01-08',	NULL,	50,	'130/70-13',	1,	'IRC',	'TUBE LESS',	'Lorem ipsum',	'2023-01-08 09:19:25',	'2023-01-08 09:19:25',	NULL),
(135,	'OTIRC00046',	'BAN LUAR IRC 130/70-13 SS 560 R TL',	50.00,	415000.00,	415000.00,	0.00,	NULL,	'2023-01-08',	NULL,	50,	'130/70-13',	1,	'IRC',	'TUBE LESS',	'Lorem ipsum',	'2023-01-08 09:19:25',	'2023-01-08 09:19:25',	NULL),
(136,	'OTIRC00047',	'BAN LUAR IRC 130/70-17 EXATO NR 88 TL',	50.00,	630000.00,	630000.00,	0.00,	NULL,	'2023-01-08',	NULL,	50,	'130/70-17',	1,	'IRC',	'TUBE LESS',	'Lorem ipsum',	'2023-01-08 09:19:25',	'2023-01-08 09:19:25',	NULL),
(137,	'OTIRC00048',	'BAN LUAR IRC 130/70-17 RX-01 R TL',	50.00,	630000.00,	630000.00,	0.00,	NULL,	'2023-01-08',	NULL,	50,	'130/70-17',	1,	'IRC',	'TUBE LESS',	'Lorem ipsum',	'2023-01-08 09:19:25',	'2023-01-08 09:19:25',	NULL),
(138,	'OTIRC00049',	'BAN LUAR IRC 140/70-14 SCT-005R TL',	50.00,	505000.00,	505000.00,	0.00,	NULL,	'2023-01-08',	NULL,	50,	'140/70-14',	1,	'IRC',	'TUBE LESS',	'Lorem ipsum',	'2023-01-08 09:19:25',	'2023-01-08 09:19:25',	NULL),
(139,	'OTIRC00050',	'BAN LUAR IRC 140/70-17 GP 211 TL',	50.00,	675000.00,	675000.00,	0.00,	NULL,	'2023-01-08',	NULL,	50,	'140/70-17',	1,	'IRC',	'TUBE LESS',	'Lorem ipsum',	'2023-01-08 09:19:25',	'2023-01-08 09:19:25',	NULL),
(140,	'OTIRC00051',	'BAN LUAR IRC 140/70-17 RX-01 R TL',	50.00,	675000.00,	675000.00,	0.00,	NULL,	'2023-01-08',	NULL,	50,	'140/70-17',	1,	'IRC',	'TUBE LESS',	'Lorem ipsum',	'2023-01-08 09:19:25',	'2023-01-08 09:19:25',	NULL),
(141,	'OTIRC00052',	'BAN LUAR IRC 140/70-17 RX-02 R TL',	50.00,	700000.00,	700000.00,	0.00,	NULL,	'2023-01-08',	NULL,	50,	'140/70-17',	1,	'IRC',	'TUBE LESS',	'Lorem ipsum',	'2023-01-08 09:19:25',	'2023-01-08 09:19:25',	NULL),
(142,	'OTIRC00053',	'BAN LUAR IRC 150/60-17 EXATO NR 88 TL',	50.00,	725000.00,	725000.00,	0.00,	NULL,	'2023-01-08',	NULL,	50,	'150/60-17',	1,	'IRC',	'TUBE LESS',	'Lorem ipsum',	'2023-01-08 09:19:25',	'2023-01-08 09:19:25',	NULL),
(143,	'OTIRC00054',	'BAN LUAR IRC 150/70-17 RX-02 R TL',	50.00,	750000.00,	750000.00,	0.00,	NULL,	'2023-01-08',	NULL,	50,	'150/70-17',	1,	'IRC',	'TUBE LESS',	'Lorem ipsum',	'2023-01-08 09:19:25',	'2023-01-08 09:19:25',	NULL),
(144,	'OTIRC00055',	'BAN LUAR IRC 160/70-17 RX-02 R TL',	50.00,	810000.00,	810000.00,	0.00,	NULL,	'2023-01-08',	NULL,	50,	'160/70-17',	1,	'IRC',	'TUBE LESS',	'Lorem ipsum',	'2023-01-08 09:19:25',	'2023-01-08 09:19:25',	NULL),
(145,	'OTIRC00056',	'BAN LUAR IRC 225-17 NF 3 TT',	50.00,	158000.00,	158000.00,	0.00,	NULL,	'2023-01-08',	NULL,	50,	'225-17',	1,	'IRC',	'TUBE TYPE',	'Lorem ipsum',	'2023-01-08 09:19:25',	'2023-01-08 09:19:25',	NULL),
(146,	'OTIRC00057',	'BAN LUAR IRC 225-17 NR 72 TT',	50.00,	158000.00,	158000.00,	0.00,	NULL,	'2023-01-08',	NULL,	50,	'225-17',	1,	'IRC',	'TUBE TYPE',	'Lorem ipsum',	'2023-01-08 09:19:25',	'2023-01-08 09:19:25',	NULL),
(147,	'OTIRC00058',	'BAN LUAR IRC 250-17 GS 45 TT',	50.00,	200000.00,	200000.00,	0.00,	NULL,	'2023-01-08',	NULL,	50,	'250-17',	1,	'IRC',	'TUBE TYPE',	'Lorem ipsum',	'2023-01-08 09:19:25',	'2023-01-08 09:19:25',	NULL),
(148,	'OTIRC00061',	'BAN LUAR IRC 250-17 NF 6 TT',	50.00,	185000.00,	185000.00,	0.00,	NULL,	'2023-01-08',	NULL,	50,	'250-17',	1,	'IRC',	'TUBE TYPE',	'Lorem ipsum',	'2023-01-08 09:19:25',	'2023-01-08 09:19:25',	NULL),
(149,	'OTIRC00062',	'BAN LUAR IRC 250-17 NR 6 TT',	50.00,	185000.00,	185000.00,	0.00,	NULL,	'2023-01-08',	NULL,	50,	'250-17',	1,	'IRC',	'TUBE TYPE',	'Lorem ipsum',	'2023-01-08 09:19:25',	'2023-01-08 09:19:25',	NULL),
(150,	'OTIRC00063',	'BAN LUAR IRC 250-17 NR 72 TT',	50.00,	185000.00,	185000.00,	0.00,	NULL,	'2023-01-08',	NULL,	50,	'250-17',	1,	'IRC',	'TUBE TYPE',	'Lorem ipsum',	'2023-01-08 09:19:25',	'2023-01-08 09:19:25',	NULL),
(151,	'OTIRC00064',	'BAN LUAR IRC 250-17 TR TT',	50.00,	200000.00,	200000.00,	0.00,	NULL,	'2023-01-08',	NULL,	50,	'250-17',	1,	'IRC',	'TUBE TYPE',	'Lorem ipsum',	'2023-01-08 09:19:25',	'2023-01-08 09:19:25',	NULL),
(152,	'OTIRC00065',	'BAN LUAR IRC 250-18 NF 2 TT',	50.00,	208000.00,	208000.00,	0.00,	NULL,	'2023-01-08',	NULL,	50,	'250-18',	1,	'IRC',	'TUBE TYPE',	'Lorem ipsum',	'2023-01-08 09:19:25',	'2023-01-08 09:19:25',	NULL),
(153,	'OTIRC00066',	'BAN LUAR IRC 250-18 NR 2 TT',	50.00,	208000.00,	208000.00,	0.00,	NULL,	'2023-01-08',	NULL,	50,	'250-18',	1,	'IRC',	'TUBE TYPE',	'Lorem ipsum',	'2023-01-08 09:19:25',	'2023-01-08 09:19:25',	NULL),
(154,	'OTIRC00067',	'BAN LUAR IRC 250-18 TR TT',	50.00,	225000.00,	225000.00,	0.00,	NULL,	'2023-01-08',	NULL,	50,	'250-18',	1,	'IRC',	'TUBE TYPE',	'Lorem ipsum',	'2023-01-08 09:19:25',	'2023-01-08 09:19:25',	NULL),
(155,	'OTIRC00068',	'BAN LUAR IRC 275-17 GS 45 TT',	50.00,	245000.00,	245000.00,	0.00,	NULL,	'2023-01-08',	NULL,	50,	'275-17',	1,	'IRC',	'TUBE TYPE',	'Lorem ipsum',	'2023-01-08 09:19:25',	'2023-01-08 09:19:25',	NULL),
(156,	'OTIRC00069',	'BAN LUAR IRC 275-17 NR 25 TT',	50.00,	232000.00,	232000.00,	0.00,	NULL,	'2023-01-08',	NULL,	50,	'275-17',	1,	'IRC',	'TUBE TYPE',	'Lorem ipsum',	'2023-01-08 09:19:25',	'2023-01-08 09:19:25',	NULL),
(157,	'OTIRC00071',	'BAN LUAR IRC 275-17 NR 72 TT',	50.00,	232000.00,	232000.00,	0.00,	NULL,	'2023-01-08',	NULL,	50,	'275-17',	1,	'IRC',	'TUBE TYPE',	'Lorem ipsum',	'2023-01-08 09:19:25',	'2023-01-08 09:19:25',	NULL),
(158,	'OTIRC00072',	'BAN LUAR IRC 275-17 SP 1H TT',	50.00,	232000.00,	232000.00,	0.00,	NULL,	'2023-01-08',	NULL,	50,	'275-17',	1,	'IRC',	'TUBE TYPE',	'Lorem ipsum',	'2023-01-08 09:19:25',	'2023-01-08 09:19:25',	NULL),
(159,	'OTIRC00073',	'BAN LUAR IRC 275-17 TR TT',	50.00,	245000.00,	245000.00,	0.00,	NULL,	'2023-01-08',	NULL,	50,	'275-17',	1,	'IRC',	'TUBE TYPE',	'Lorem ipsum',	'2023-01-08 09:19:25',	'2023-01-08 09:19:25',	NULL),
(160,	'OTIRC00074',	'BAN LUAR IRC 275-18 GS 45 TT',	50.00,	270000.00,	270000.00,	0.00,	NULL,	'2023-01-08',	NULL,	50,	'275-18',	1,	'IRC',	'TUBE TYPE',	'Lorem ipsum',	'2023-01-08 09:19:25',	'2023-01-08 09:19:25',	NULL),
(161,	'OTIRC00075',	'BAN LUAR IRC 275-18 NF 25 TT',	50.00,	252000.00,	252000.00,	0.00,	NULL,	'2023-01-08',	NULL,	50,	'275-18',	1,	'IRC',	'TUBE TYPE',	'Lorem ipsum',	'2023-01-08 09:19:25',	'2023-01-08 09:19:25',	NULL),
(162,	'OTIRC00076',	'BAN LUAR IRC 275-18 NR 25 TT',	50.00,	252000.00,	252000.00,	0.00,	NULL,	'2023-01-08',	NULL,	50,	'275-18',	1,	'IRC',	'TUBE TYPE',	'Lorem ipsum',	'2023-01-08 09:19:25',	'2023-01-08 09:19:25',	NULL),
(163,	'OTIRC00077',	'BAN LUAR IRC 275-18 NR 65 TT',	50.00,	252000.00,	252000.00,	0.00,	NULL,	'2023-01-08',	NULL,	50,	'275-18',	1,	'IRC',	'TUBE TYPE',	'Lorem ipsum',	'2023-01-08 09:19:25',	'2023-01-08 09:19:25',	NULL),
(164,	'OTIRC00078',	'BAN LUAR IRC 275-18 TR TT',	50.00,	270000.00,	270000.00,	0.00,	NULL,	'2023-01-08',	NULL,	50,	'275-18',	1,	'IRC',	'TUBE TYPE',	'Lorem ipsum',	'2023-01-08 09:19:25',	'2023-01-08 09:19:25',	NULL),
(165,	'OTIRC00079',	'BAN LUAR IRC 275-19 TR TT',	50.00,	285000.00,	285000.00,	0.00,	NULL,	'2023-01-08',	NULL,	50,	'275-19',	1,	'IRC',	'TUBE TYPE',	'Lorem ipsum',	'2023-01-08 09:19:25',	'2023-01-08 09:19:25',	NULL),
(166,	'OTIRC00080',	'BAN LUAR IRC 275-21 GP 21 TT',	50.00,	310000.00,	310000.00,	0.00,	NULL,	'2023-01-08',	NULL,	50,	'275-21',	1,	'IRC',	'TUBE TYPE',	'Lorem ipsum',	'2023-01-08 09:19:25',	'2023-01-08 09:19:25',	NULL),
(167,	'OTIRC00081',	'BAN LUAR IRC 275-21 TR TT',	50.00,	310000.00,	310000.00,	0.00,	NULL,	'2023-01-08',	NULL,	50,	'275-21',	1,	'IRC',	'TUBE TYPE',	'Lorem ipsum',	'2023-01-08 09:19:25',	'2023-01-08 09:19:25',	NULL),
(168,	'OTIRC00082',	'BAN LUAR IRC 300-10 RV TT',	50.00,	155000.00,	155000.00,	0.00,	NULL,	'2023-01-08',	NULL,	50,	'300-10',	1,	'IRC',	'TUBE TYPE',	'Lorem ipsum',	'2023-01-08 09:19:25',	'2023-01-08 09:19:25',	NULL),
(169,	'OTIRC00083',	'BAN LUAR IRC 300-17 GS 45 TT',	50.00,	300000.00,	300000.00,	0.00,	NULL,	'2023-01-08',	NULL,	50,	'300-17',	1,	'IRC',	'TUBE TYPE',	'Lorem ipsum',	'2023-01-08 09:19:25',	'2023-01-08 09:19:25',	NULL),
(170,	'OTIRC00084',	'BAN LUAR IRC 300-17 NR 25 TT',	50.00,	288000.00,	288000.00,	0.00,	NULL,	'2023-01-08',	NULL,	50,	'300-17',	1,	'IRC',	'TUBE TYPE',	'Lorem ipsum',	'2023-01-08 09:19:25',	'2023-01-08 09:19:25',	NULL),
(171,	'OTIRC00085',	'BAN LUAR IRC 300-17 SP 1M TT',	50.00,	288000.00,	288000.00,	0.00,	NULL,	'2023-01-08',	NULL,	50,	'300-17',	1,	'IRC',	'TUBE TYPE',	'Lorem ipsum',	'2023-01-08 09:19:25',	'2023-01-08 09:19:25',	NULL),
(172,	'OTIRC00086',	'BAN LUAR IRC 300-17 TR TT',	50.00,	300000.00,	300000.00,	0.00,	NULL,	'2023-01-08',	NULL,	50,	'300-17',	1,	'IRC',	'TUBE TYPE',	'Lorem ipsum',	'2023-01-08 09:19:25',	'2023-01-08 09:19:25',	NULL),
(173,	'OTIRC00087',	'BAN LUAR IRC 300-18 GS 45 TT',	50.00,	320000.00,	320000.00,	0.00,	NULL,	'2023-01-08',	NULL,	50,	'300-18',	1,	'IRC',	'TUBE TYPE',	'Lorem ipsum',	'2023-01-08 09:19:25',	'2023-01-08 09:19:25',	NULL),
(174,	'OTIRC00088',	'BAN LUAR IRC 300-18 NR 25 TT',	50.00,	305000.00,	305000.00,	0.00,	NULL,	'2023-01-08',	NULL,	50,	'300-18',	1,	'IRC',	'TUBE TYPE',	'Lorem ipsum',	'2023-01-08 09:19:25',	'2023-01-08 09:19:25',	NULL),
(175,	'OTIRC00089',	'BAN LUAR IRC 300-18 NR 65 TT',	50.00,	305000.00,	305000.00,	0.00,	NULL,	'2023-01-08',	NULL,	50,	'300-18',	1,	'IRC',	'TUBE TYPE',	'Lorem ipsum',	'2023-01-08 09:19:25',	'2023-01-08 09:19:25',	NULL),
(176,	'OTIRC00090',	'BAN LUAR IRC 300-18 TR TT',	50.00,	320000.00,	320000.00,	0.00,	NULL,	'2023-01-08',	NULL,	50,	'300-18',	1,	'IRC',	'TUBE TYPE',	'Lorem ipsum',	'2023-01-08 09:19:25',	'2023-01-08 09:19:25',	NULL),
(177,	'OTIRC00091',	'BAN LUAR IRC 325-18 TR TT',	50.00,	350000.00,	350000.00,	0.00,	NULL,	'2023-01-08',	NULL,	50,	'325-18',	1,	'IRC',	'TUBE TYPE',	'Lorem ipsum',	'2023-01-08 09:19:25',	'2023-01-08 09:19:25',	NULL),
(178,	'OTIRC00092',	'BAN LUAR IRC 350-10 MB 520 TT',	50.00,	180000.00,	180000.00,	0.00,	NULL,	'2023-01-08',	NULL,	50,	'350-10',	1,	'IRC',	'TUBE TYPE',	'Lorem ipsum',	'2023-01-08 09:19:25',	'2023-01-08 09:19:25',	NULL),
(179,	'OTIRC00093',	'BAN LUAR IRC 350-10 VS TT',	50.00,	180000.00,	180000.00,	0.00,	NULL,	'2023-01-08',	NULL,	50,	'350-10',	1,	'IRC',	'TUBE TYPE',	'Lorem ipsum',	'2023-01-08 09:19:25',	'2023-01-08 09:19:25',	NULL),
(180,	'OTIRC00094',	'BAN LUAR IRC 350-18 TR TT',	50.00,	410000.00,	410000.00,	0.00,	NULL,	'2023-01-08',	NULL,	50,	'350-18',	1,	'IRC',	'TUBE TYPE',	'Lorem ipsum',	'2023-01-08 09:19:25',	'2023-01-08 09:19:25',	NULL),
(181,	'OTIRC00095',	'BAN LUAR IRC 350-8 SP 2 TT',	50.00,	155000.00,	155000.00,	0.00,	NULL,	'2023-01-08',	NULL,	50,	'350-8',	1,	'IRC',	'TUBE TYPE',	'Lorem ipsum',	'2023-01-08 09:19:25',	'2023-01-08 09:19:25',	NULL),
(182,	'OTIRC00096',	'BAN LUAR IRC 410-18 GP 22 TT',	50.00,	445000.00,	445000.00,	0.00,	NULL,	'2023-01-08',	NULL,	50,	'410-18',	1,	'IRC',	'TUBE TYPE',	'Lorem ipsum',	'2023-01-08 09:19:25',	'2023-01-08 09:19:25',	NULL),
(183,	'OTIRC00098',	'BAN LUAR IRC 70/100-19 GP 21 TT',	50.00,	240000.00,	240000.00,	0.00,	NULL,	'2023-01-08',	NULL,	50,	'70/100-19',	1,	'IRC',	'TUBE TYPE',	'Lorem ipsum',	'2023-01-08 09:19:25',	'2023-01-08 09:19:25',	NULL),
(184,	'OTIRC00100',	'BAN LUAR IRC 70/90-14 GS 45 TT',	50.00,	175000.00,	175000.00,	0.00,	NULL,	'2023-01-08',	NULL,	50,	'70/90-14',	1,	'IRC',	'TUBE TYPE',	'Lorem ipsum',	'2023-01-08 09:19:25',	'2023-01-08 09:19:25',	NULL),
(185,	'OTIRC00101',	'BAN LUAR IRC 70/90-14 NF 59 TT',	50.00,	168000.00,	168000.00,	0.00,	NULL,	'2023-01-08',	NULL,	50,	'70/90-14',	1,	'IRC',	'TUBE TYPE',	'Lorem ipsum',	'2023-01-08 09:19:25',	'2023-01-08 09:19:25',	NULL),
(186,	'OTIRC00102',	'BAN LUAR IRC 70/90-14 NF 67 TT',	50.00,	168000.00,	168000.00,	0.00,	NULL,	'2023-01-08',	NULL,	50,	'70/90-14',	1,	'IRC',	'TUBE TYPE',	'Lorem ipsum',	'2023-01-08 09:19:25',	'2023-01-08 09:19:25',	NULL),
(187,	'OTIRC00103',	'BAN LUAR IRC 70/90-14 TR TT',	50.00,	175000.00,	175000.00,	0.00,	NULL,	'2023-01-08',	NULL,	50,	'70/90-14',	1,	'IRC',	'TUBE TYPE',	'Lorem ipsum',	'2023-01-08 09:19:25',	'2023-01-08 09:19:25',	NULL),
(188,	'OTIRC00104',	'BAN LUAR IRC 70/90-16 NR 72 TT',	50.00,	188000.00,	188000.00,	0.00,	NULL,	'2023-01-08',	NULL,	50,	'70/90-16',	1,	'IRC',	'TUBE TYPE',	'Lorem ipsum',	'2023-01-08 09:19:25',	'2023-01-08 09:19:25',	NULL),
(189,	'OTIRC00105',	'BAN LUAR IRC 70/90-17 ECOTRAX NR96 TL',	50.00,	240000.00,	240000.00,	0.00,	NULL,	'2023-01-08',	NULL,	50,	'70/90-17',	1,	'IRC',	'TUBE LESS',	'Lorem ipsum',	'2023-01-08 09:19:25',	'2023-01-08 09:19:25',	NULL),
(190,	'OTIRC00106',	'BAN LUAR IRC 70/90-17 ENVIRO NR 91 TL',	50.00,	240000.00,	240000.00,	0.00,	NULL,	'2023-01-08',	NULL,	50,	'70/90-17',	1,	'IRC',	'TUBE LESS',	'Lorem ipsum',	'2023-01-08 09:19:25',	'2023-01-08 09:19:25',	NULL),
(191,	'OTIRC00107',	'BAN LUAR IRC 70/90-17 GP 5 TL',	50.00,	240000.00,	240000.00,	0.00,	NULL,	'2023-01-08',	NULL,	50,	'70/90-17',	1,	'IRC',	'TUBE LESS',	'Lorem ipsum',	'2023-01-08 09:19:25',	'2023-01-08 09:19:25',	NULL),
(192,	'OTIRC00111',	'BAN LUAR IRC 70/90-17 NR 69 TT',	50.00,	195000.00,	195000.00,	0.00,	NULL,	'2023-01-08',	NULL,	50,	'70/90-17',	1,	'IRC',	'TUBE TYPE',	'Lorem ipsum',	'2023-01-08 09:19:25',	'2023-01-08 09:19:25',	NULL),
(193,	'OTIRC00112',	'BAN LUAR IRC 70/90-17 NR 72 TT',	50.00,	195000.00,	195000.00,	0.00,	NULL,	'2023-01-08',	NULL,	50,	'70/90-17',	1,	'IRC',	'TUBE TYPE',	'Lorem ipsum',	'2023-01-08 09:19:25',	'2023-01-08 09:19:25',	NULL),
(194,	'OTIRC00114',	'BAN LUAR IRC 70/90-17 NR 80 TT',	50.00,	195000.00,	195000.00,	0.00,	NULL,	'2023-01-08',	NULL,	50,	'70/90-17',	1,	'IRC',	'TUBE TYPE',	'Lorem ipsum',	'2023-01-08 09:19:25',	'2023-01-08 09:19:25',	NULL),
(195,	'OTIRC00117',	'BAN LUAR IRC 80/100-17 GP 210 TT',	50.00,	238000.00,	238000.00,	0.00,	NULL,	'2023-01-08',	NULL,	50,	'80/100-17',	1,	'IRC',	'TUBE TYPE',	'Lorem ipsum',	'2023-01-08 09:19:25',	'2023-01-08 09:19:25',	NULL),
(196,	'OTIRC00118',	'BAN LUAR IRC 80/100-17 NF 25 TL',	50.00,	295000.00,	295000.00,	0.00,	NULL,	'2023-01-08',	NULL,	50,	'80/100-17',	1,	'IRC',	'TUBE LESS',	'Lorem ipsum',	'2023-01-08 09:19:25',	'2023-01-08 09:19:25',	NULL),
(197,	'OTIRC00119',	'BAN LUAR IRC 80/100-17 NF 25 TT',	50.00,	238000.00,	238000.00,	0.00,	NULL,	'2023-01-08',	NULL,	50,	'80/100-17',	1,	'IRC',	'TUBE TYPE',	'Lorem ipsum',	'2023-01-08 09:19:25',	'2023-01-08 09:19:25',	NULL),
(198,	'OTIRC00120',	'BAN LUAR IRC 80/100-18 NR 65 TT',	50.00,	258000.00,	258000.00,	0.00,	NULL,	'2023-01-08',	NULL,	50,	'80/100-18',	1,	'IRC',	'TUBE TYPE',	'Lorem ipsum',	'2023-01-08 09:19:25',	'2023-01-08 09:19:25',	NULL),
(199,	'OTIRC00121',	'BAN LUAR IRC 80/80-14 FASTI PRO TL',	50.00,	330000.00,	330000.00,	0.00,	NULL,	'2023-01-08',	NULL,	50,	'80/80-14',	1,	'IRC',	'TUBE LESS',	'Lorem ipsum',	'2023-01-08 09:19:25',	'2023-01-08 09:19:25',	NULL),
(200,	'OTIRC00122',	'BAN LUAR IRC 80/80-14 NR 82 TT',	50.00,	190000.00,	190000.00,	0.00,	NULL,	'2023-01-08',	NULL,	50,	'80/80-14',	1,	'IRC',	'TUBE TYPE',	'Lorem ipsum',	'2023-01-08 09:19:25',	'2023-01-08 09:19:25',	NULL),
(201,	'OTIRC00123',	'BAN LUAR IRC 80/80-17 EXATO NR 88 TL',	50.00,	278000.00,	278000.00,	0.00,	NULL,	'2023-01-08',	NULL,	50,	'80/80-17',	1,	'IRC',	'TUBE LESS',	'Lorem ipsum',	'2023-01-08 09:19:25',	'2023-01-08 09:19:25',	NULL),
(202,	'OTIRC00124',	'BAN LUAR IRC 80/90-14 ECOTRAX NR96 TL',	50.00,	255000.00,	255000.00,	0.00,	NULL,	'2023-01-08',	NULL,	50,	'80/90-14',	1,	'IRC',	'TUBE LESS',	'Lorem ipsum',	'2023-01-08 09:19:25',	'2023-01-08 09:19:25',	NULL),
(203,	'OTIRC00125',	'BAN LUAR IRC 80/90-14 ENVIRO NR 91 TL',	50.00,	255000.00,	255000.00,	0.00,	NULL,	'2023-01-08',	NULL,	50,	'80/90-14',	1,	'IRC',	'TUBE LESS',	'Lorem ipsum',	'2023-01-08 09:19:25',	'2023-01-08 09:19:25',	NULL),
(204,	'OTIRC00126',	'BAN LUAR IRC 80/90-14 EXATO NR 88 TL',	50.00,	255000.00,	255000.00,	0.00,	NULL,	'2023-01-08',	NULL,	50,	'80/90-14',	1,	'IRC',	'TUBE LESS',	'Lorem ipsum',	'2023-01-08 09:19:25',	'2023-01-08 09:19:25',	NULL),
(205,	'OTIRC00127',	'BAN LUAR IRC 80/90-14 GP 5 TL',	50.00,	255000.00,	255000.00,	0.00,	NULL,	'2023-01-08',	NULL,	50,	'80/90-14',	1,	'IRC',	'TUBE LESS',	'Lorem ipsum',	'2023-01-08 09:19:25',	'2023-01-08 09:19:25',	NULL),
(206,	'OTIRC00128',	'BAN LUAR IRC 80/90-14 GS 45 TT',	50.00,	220000.00,	220000.00,	0.00,	NULL,	'2023-01-08',	NULL,	50,	'80/90-14',	1,	'IRC',	'TUBE TYPE',	'Lorem ipsum',	'2023-01-08 09:19:25',	'2023-01-08 09:19:25',	NULL),
(207,	'OTIRC00129',	'BAN LUAR IRC 80/90-14 NF 66 TL',	50.00,	255000.00,	255000.00,	0.00,	NULL,	'2023-01-08',	NULL,	50,	'80/90-14',	1,	'IRC',	'TUBE LESS',	'Lorem ipsum',	'2023-01-08 09:19:25',	'2023-01-08 09:19:25',	NULL),
(208,	'OTIRC00130',	'BAN LUAR IRC 80/90-14 NR 73T TT',	50.00,	190000.00,	190000.00,	0.00,	NULL,	'2023-01-08',	NULL,	50,	'80/90-14',	1,	'IRC',	'TUBE TYPE',	'Lorem ipsum',	'2023-01-08 09:19:25',	'2023-01-08 09:19:25',	NULL),
(209,	'OTIRC00131',	'BAN LUAR IRC 80/90-14 NR 76 TT',	50.00,	190000.00,	190000.00,	0.00,	NULL,	'2023-01-08',	NULL,	50,	'80/90-14',	1,	'IRC',	'TUBE TYPE',	'Lorem ipsum',	'2023-01-08 09:19:25',	'2023-01-08 09:19:25',	NULL),
(210,	'OTIRC00132',	'BAN LUAR IRC 80/90-14 SS 530 F TT',	50.00,	190000.00,	190000.00,	0.00,	NULL,	'2023-01-08',	NULL,	50,	'80/90-14',	1,	'IRC',	'TUBE TYPE',	'Lorem ipsum',	'2023-01-08 09:19:25',	'2023-01-08 09:19:25',	NULL),
(211,	'OTIRC00133',	'BAN LUAR IRC 80/90-14 SS-530R TL',	50.00,	255000.00,	255000.00,	0.00,	NULL,	'2023-01-08',	NULL,	50,	'80/90-14',	1,	'IRC',	'TUBE LESS',	'Lorem ipsum',	'2023-01-08 09:19:25',	'2023-01-08 09:19:25',	NULL),
(212,	'OTIRC00134',	'BAN LUAR IRC 80/90-14 TR TT',	50.00,	220000.00,	220000.00,	0.00,	NULL,	'2023-01-08',	NULL,	50,	'80/90-14',	1,	'IRC',	'TUBE TYPE',	'Lorem ipsum',	'2023-01-08 09:19:25',	'2023-01-08 09:19:25',	NULL),
(213,	'OTIRC00135',	'BAN LUAR IRC 80/90-16 NR 72 TT',	50.00,	230000.00,	230000.00,	0.00,	NULL,	'2023-01-08',	NULL,	50,	'80/90-16',	1,	'IRC',	'TUBE TYPE',	'Lorem ipsum',	'2023-01-08 09:19:25',	'2023-01-08 09:19:25',	NULL),
(214,	'OTIRC00136',	'BAN LUAR IRC 80/90-17 ECOTRAX NR96 TL',	50.00,	295000.00,	295000.00,	0.00,	NULL,	'2023-01-08',	NULL,	50,	'80/90-17',	1,	'IRC',	'TUBE LESS',	'Lorem ipsum',	'2023-01-08 09:19:25',	'2023-01-08 09:19:25',	NULL),
(215,	'OTIRC00137',	'BAN LUAR IRC 80/90-17 ENVIRO NR 91 TL',	50.00,	295000.00,	295000.00,	0.00,	NULL,	'2023-01-08',	NULL,	50,	'80/90-17',	1,	'IRC',	'TUBE LESS',	'Lorem ipsum',	'2023-01-08 09:19:25',	'2023-01-08 09:19:25',	NULL),
(216,	'OTIRC00138',	'BAN LUAR IRC 80/90-17 GP 5 TL',	50.00,	295000.00,	295000.00,	0.00,	NULL,	'2023-01-08',	NULL,	50,	'80/90-17',	1,	'IRC',	'TUBE LESS',	'Lorem ipsum',	'2023-01-08 09:19:25',	'2023-01-08 09:19:25',	NULL),
(217,	'OTIRC00141',	'BAN LUAR IRC 80/90-17 NR 69 TT',	50.00,	238000.00,	238000.00,	0.00,	NULL,	'2023-01-08',	NULL,	50,	'80/90-17',	1,	'IRC',	'TUBE TYPE',	'Lorem ipsum',	'2023-01-08 09:19:25',	'2023-01-08 09:19:25',	NULL),
(218,	'OTIRC00142',	'BAN LUAR IRC 80/90-17 NR 72 TT',	50.00,	238000.00,	238000.00,	0.00,	NULL,	'2023-01-08',	NULL,	50,	'80/90-17',	1,	'IRC',	'TUBE TYPE',	'Lorem ipsum',	'2023-01-08 09:19:25',	'2023-01-08 09:19:25',	NULL),
(219,	'OTIRC00145',	'BAN LUAR IRC 80/90-17 NR 80 TT',	50.00,	238000.00,	238000.00,	0.00,	NULL,	'2023-01-08',	NULL,	50,	'80/90-17',	1,	'IRC',	'TUBE TYPE',	'Lorem ipsum',	'2023-01-08 09:19:25',	'2023-01-08 09:19:25',	NULL),
(220,	'OTIRC00148',	'BAN LUAR IRC 80/90-17 RX-01 F TL',	50.00,	295000.00,	295000.00,	0.00,	NULL,	'2023-01-08',	NULL,	50,	'80/90-17',	1,	'IRC',	'TUBE LESS',	'Lorem ipsum',	'2023-01-08 09:19:25',	'2023-01-08 09:19:25',	NULL),
(221,	'OTIRC00150',	'BAN LUAR IRC 90/100-16 GP 22 TT',	50.00,	308000.00,	308000.00,	0.00,	NULL,	'2023-01-08',	NULL,	50,	'90/100-16',	1,	'IRC',	'TUBE TYPE',	'Lorem ipsum',	'2023-01-08 09:19:25',	'2023-01-08 09:19:25',	NULL),
(222,	'OTIRC00151',	'BAN LUAR IRC 90/80-14 FASTI 2 TL',	50.00,	385000.00,	385000.00,	0.00,	NULL,	'2023-01-08',	NULL,	50,	'90/80-14',	1,	'IRC',	'TUBE LESS',	'Lorem ipsum',	'2023-01-08 09:19:25',	'2023-01-08 09:19:25',	NULL),
(223,	'OTIRC00152',	'BAN LUAR IRC 90/80-14 FASTI PRO TL',	50.00,	385000.00,	385000.00,	0.00,	NULL,	'2023-01-08',	NULL,	50,	'90/80-14',	1,	'IRC',	'TUBE LESS',	'Lorem ipsum',	'2023-01-08 09:19:25',	'2023-01-08 09:19:25',	NULL),
(224,	'OTIRC00153',	'BAN LUAR IRC 90/80-14 NR 76A TT',	50.00,	235000.00,	235000.00,	0.00,	NULL,	'2023-01-08',	NULL,	50,	'90/80-14',	1,	'IRC',	'TUBE TYPE',	'Lorem ipsum',	'2023-01-08 09:19:25',	'2023-01-08 09:19:25',	NULL),
(225,	'OTIRC00154',	'BAN LUAR IRC 90/80-17 EXATO NR 88 TL',	50.00,	345000.00,	345000.00,	0.00,	NULL,	'2023-01-08',	NULL,	50,	'90/80-17',	1,	'IRC',	'TUBE LESS',	'Lorem ipsum',	'2023-01-08 09:19:25',	'2023-01-08 09:19:25',	NULL),
(226,	'OTIRC00155',	'BAN LUAR IRC 90/80-17 FASTI 1 TL',	50.00,	500000.00,	500000.00,	0.00,	NULL,	'2023-01-08',	NULL,	50,	'90/80-17',	1,	'IRC',	'TUBE LESS',	'Lorem ipsum',	'2023-01-08 09:19:25',	'2023-01-08 09:19:25',	NULL),
(227,	'OTIRC00156',	'BAN LUAR IRC 90/80-17 FASTI 2 TL',	50.00,	500000.00,	500000.00,	0.00,	NULL,	'2023-01-08',	NULL,	50,	'90/80-17',	1,	'IRC',	'TUBE LESS',	'Lorem ipsum',	'2023-01-08 09:19:25',	'2023-01-08 09:19:25',	NULL),
(228,	'OTIRC00157',	'BAN LUAR IRC 90/80-17 FASTI PRO TL',	50.00,	500000.00,	500000.00,	0.00,	NULL,	'2023-01-08',	NULL,	50,	'90/80-17',	1,	'IRC',	'TUBE LESS',	'Lorem ipsum',	'2023-01-08 09:19:25',	'2023-01-08 09:19:25',	NULL),
(229,	'OTIRC00158',	'BAN LUAR IRC 90/80-17 NF 66 TL',	50.00,	345000.00,	345000.00,	0.00,	NULL,	'2023-01-08',	NULL,	50,	'90/80-17',	1,	'IRC',	'TUBE LESS',	'Lorem ipsum',	'2023-01-08 09:19:25',	'2023-01-08 09:19:25',	NULL),
(230,	'OTIRC00159',	'BAN LUAR IRC 90/80-17 NF 67 TL',	50.00,	345000.00,	345000.00,	0.00,	NULL,	'2023-01-08',	NULL,	50,	'90/80-17',	1,	'IRC',	'TUBE LESS',	'Lorem ipsum',	'2023-01-08 09:19:25',	'2023-01-08 09:19:25',	NULL),
(231,	'OTIRC00160',	'BAN LUAR IRC 90/80-17 RX-01 R TL',	50.00,	345000.00,	345000.00,	0.00,	NULL,	'2023-01-08',	NULL,	50,	'90/80-17',	1,	'IRC',	'TUBE LESS',	'Lorem ipsum',	'2023-01-08 09:19:25',	'2023-01-08 09:19:25',	NULL),
(232,	'OTIRC00161',	'BAN LUAR IRC 90/90-14 ECOTRAX NR96 TL',	50.00,	290000.00,	290000.00,	0.00,	NULL,	'2023-01-08',	NULL,	50,	'90/90-14',	1,	'IRC',	'TUBE LESS',	'Lorem ipsum',	'2023-01-08 09:19:25',	'2023-01-08 09:19:25',	NULL),
(233,	'OTIRC00162',	'BAN LUAR IRC 90/90-14 ENVIRO NR 91 TL',	50.00,	290000.00,	290000.00,	0.00,	NULL,	'2023-01-08',	NULL,	50,	'90/90-14',	1,	'IRC',	'TUBE LESS',	'Lorem ipsum',	'2023-01-08 09:19:25',	'2023-01-08 09:19:25',	NULL),
(234,	'OTIRC00163',	'BAN LUAR IRC 90/90-14 EXATO NR88 TL',	50.00,	290000.00,	290000.00,	0.00,	NULL,	'2023-01-08',	NULL,	50,	'90/90-14',	1,	'IRC',	'TUBE LESS',	'Lorem ipsum',	'2023-01-08 09:19:25',	'2023-01-08 09:19:25',	NULL),
(235,	'OTIRC00164',	'BAN LUAR IRC 90/90-14 GP 5 TL',	50.00,	290000.00,	290000.00,	0.00,	NULL,	'2023-01-08',	NULL,	50,	'90/90-14',	1,	'IRC',	'TUBE LESS',	'Lorem ipsum',	'2023-01-08 09:19:25',	'2023-01-08 09:19:25',	NULL),
(236,	'OTIRC00165',	'BAN LUAR IRC 90/90-14 GS 45 TT',	50.00,	250000.00,	250000.00,	0.00,	NULL,	'2023-01-08',	NULL,	50,	'90/90-14',	1,	'IRC',	'TUBE TYPE',	'Lorem ipsum',	'2023-01-08 09:19:25',	'2023-01-08 09:19:25',	NULL),
(237,	'OTIRC00166',	'BAN LUAR IRC 90/90-14 NR 73T TT',	50.00,	235000.00,	235000.00,	0.00,	NULL,	'2023-01-08',	NULL,	50,	'90/90-14',	1,	'IRC',	'TUBE TYPE',	'Lorem ipsum',	'2023-01-08 09:19:25',	'2023-01-08 09:19:25',	NULL),
(238,	'OTIRC00167',	'BAN LUAR IRC 90/90-14 NR 83 TL',	50.00,	290000.00,	290000.00,	0.00,	NULL,	'2023-01-08',	NULL,	50,	'90/90-14',	1,	'IRC',	'TUBE LESS',	'Lorem ipsum',	'2023-01-08 09:19:25',	'2023-01-08 09:19:25',	NULL),
(239,	'OTIRC00168',	'BAN LUAR IRC 90/90-14 SS 530 R TT',	50.00,	235000.00,	235000.00,	0.00,	NULL,	'2023-01-08',	NULL,	50,	'90/90-14',	1,	'IRC',	'TUBE TYPE',	'Lorem ipsum',	'2023-01-08 09:19:25',	'2023-01-08 09:19:25',	NULL),
(240,	'OTIRC00169',	'BAN LUAR IRC 90/90-14 SS-530R TL',	50.00,	290000.00,	290000.00,	0.00,	NULL,	'2023-01-08',	NULL,	50,	'90/90-14',	1,	'IRC',	'TUBE LESS',	'Lorem ipsum',	'2023-01-08 09:19:25',	'2023-01-08 09:19:25',	NULL),
(241,	'OTIRC00171',	'BAN LUAR IRC 90/90-14 TR TT',	50.00,	250000.00,	250000.00,	0.00,	NULL,	'2023-01-08',	NULL,	50,	'90/90-14',	1,	'IRC',	'TUBE TYPE',	'Lorem ipsum',	'2023-01-08 09:19:25',	'2023-01-08 09:19:25',	NULL),
(242,	'OTIRC00172',	'BAN LUAR IRC 90/90-17 ECOTRAX NR96 TL',	50.00,	345000.00,	345000.00,	0.00,	NULL,	'2023-01-08',	NULL,	50,	'90/90-17',	1,	'IRC',	'TUBE LESS',	'Lorem ipsum',	'2023-01-08 09:19:25',	'2023-01-08 09:19:25',	NULL),
(243,	'OTIRC00173',	'BAN LUAR IRC 90/90-17 ENVIRO NR 91 TL',	50.00,	345000.00,	345000.00,	0.00,	NULL,	'2023-01-08',	NULL,	50,	'90/90-17',	1,	'IRC',	'TUBE LESS',	'Lorem ipsum',	'2023-01-08 09:19:25',	'2023-01-08 09:19:25',	NULL),
(244,	'OTIRC00174',	'BAN LUAR IRC 90/90-17 NR 72 TT',	50.00,	300000.00,	300000.00,	0.00,	NULL,	'2023-01-08',	NULL,	50,	'90/90-17',	1,	'IRC',	'TUBE TYPE',	'Lorem ipsum',	'2023-01-08 09:19:25',	'2023-01-08 09:19:25',	NULL),
(245,	'OTIRC00177',	'BAN LUAR IRC 90/90-18 NR 72 TT',	50.00,	330000.00,	330000.00,	0.00,	NULL,	'2023-01-08',	NULL,	50,	'90/90-18',	1,	'IRC',	'TUBE TYPE',	'Lorem ipsum',	'2023-01-08 09:19:25',	'2023-01-08 09:19:25',	NULL),
(246,	'OTKTL00007',	'BAN LUAR KINGLAND 100/80-14 AXERO KING JAGUAR TL',	50.00,	321000.00,	321000.00,	0.00,	NULL,	'2023-01-08',	NULL,	50,	'100/80-14',	1,	'KL',	'TUBE LESS',	'Lorem ipsum',	'2023-01-08 09:19:25',	'2023-01-08 09:54:09',	NULL),
(247,	'OTKTL00008',	'BAN LUAR KINGLAND 100/80-14 KING ANACONDA TL',	50.00,	320000.00,	320000.00,	0.00,	NULL,	'2023-01-08',	NULL,	50,	'100/80-14',	1,	'KL',	'TUBE LESS',	'Lorem ipsum',	'2023-01-08 09:19:25',	'2023-01-08 09:54:09',	NULL),
(248,	'OTKTL00009',	'BAN LUAR KINGLAND 100/80-14 KING JAGUAR TL',	50.00,	320000.00,	320000.00,	0.00,	NULL,	'2023-01-08',	NULL,	50,	'100/80-14',	1,	'KL',	'TUBE LESS',	'Lorem ipsum',	'2023-01-08 09:19:25',	'2023-01-08 09:54:09',	NULL),
(249,	'OTKTL00010',	'BAN LUAR KINGLAND 100/80-17 KING JAGUAR TL',	50.00,	410000.00,	410000.00,	0.00,	NULL,	'2023-01-08',	NULL,	50,	'100/80-17',	1,	'KL',	'TUBE LESS',	'Lorem ipsum',	'2023-01-08 09:19:25',	'2023-01-08 09:54:09',	NULL),
(250,	'OTKTL00011',	'BAN LUAR KINGLAND 100/90-12 AXERO KING ANACONDA TL',	50.00,	258000.00,	258000.00,	0.00,	NULL,	'2023-01-08',	NULL,	50,	'100/90-12',	1,	'KL',	'TUBE LESS',	'Lorem ipsum',	'2023-01-08 09:19:25',	'2023-01-08 09:54:09',	NULL),
(251,	'OTKTL00012',	'BAN LUAR KINGLAND 100/90-12 AXERO KING JAGUAR TL',	50.00,	258000.00,	258000.00,	0.00,	NULL,	'2023-01-08',	NULL,	50,	'100/90-12',	1,	'KL',	'TUBE LESS',	'Lorem ipsum',	'2023-01-08 09:19:25',	'2023-01-08 09:54:09',	NULL),
(252,	'OTKTL00013',	'BAN LUAR KINGLAND 100/90-12 KING JAGUAR TL',	50.00,	257000.00,	257000.00,	0.00,	NULL,	'2023-01-08',	NULL,	50,	'100/90-12',	1,	'KL',	'TUBE LESS',	'Lorem ipsum',	'2023-01-08 09:19:25',	'2023-01-08 09:54:09',	NULL),
(253,	'OTKTL00014',	'BAN LUAR KINGLAND 110/70-13 KING JAGUAR TL',	50.00,	317000.00,	317000.00,	0.00,	NULL,	'2023-01-08',	NULL,	50,	'110/70-13',	1,	'KL',	'TUBE LESS',	'Lorem ipsum',	'2023-01-08 09:19:25',	'2023-01-08 09:54:09',	NULL),
(254,	'OTKTL00015',	'BAN LUAR KINGLAND 110/70-17 KING JAGUAR TL',	50.00,	457000.00,	457000.00,	0.00,	NULL,	'2023-01-08',	NULL,	50,	'110/70-17',	1,	'KL',	'TUBE LESS',	'Lorem ipsum',	'2023-01-08 09:19:25',	'2023-01-08 09:54:09',	NULL),
(255,	'OTKTL00016',	'BAN LUAR KINGLAND 110/80-14 AXERO KING JAGUAR TL',	50.00,	354500.00,	354500.00,	0.00,	NULL,	'2023-01-08',	NULL,	50,	'110/80-14',	1,	'KL',	'TUBE LESS',	'Lorem ipsum',	'2023-01-08 09:19:25',	'2023-01-08 09:54:09',	NULL),
(256,	'OTKTL00017',	'BAN LUAR KINGLAND 110/80-14 KING JAGUAR TL',	50.00,	353500.00,	353500.00,	0.00,	NULL,	'2023-01-08',	NULL,	50,	'110/80-14',	1,	'KL',	'TUBE LESS',	'Lorem ipsum',	'2023-01-08 09:19:25',	'2023-01-08 09:54:09',	NULL),
(257,	'OTKTL00018',	'BAN LUAR KINGLAND 110/90-12 AXERO KING ANACONDA TL',	50.00,	302500.00,	302500.00,	0.00,	NULL,	'2023-01-08',	NULL,	50,	'110/90-12',	1,	'KL',	'TUBE LESS',	'Lorem ipsum',	'2023-01-08 09:19:25',	'2023-01-08 09:54:09',	NULL),
(258,	'OTKTL00019',	'BAN LUAR KINGLAND 110/90-12 AXERO KING JAGUAR TL',	50.00,	302500.00,	302500.00,	0.00,	NULL,	'2023-01-08',	NULL,	50,	'110/90-12',	1,	'KL',	'TUBE LESS',	'Lorem ipsum',	'2023-01-08 09:19:25',	'2023-01-08 09:54:09',	NULL),
(259,	'OTKTL00020',	'BAN LUAR KINGLAND 110/90-12 KING JAGUAR TL',	50.00,	301500.00,	301500.00,	0.00,	NULL,	'2023-01-08',	NULL,	50,	'110/90-12',	1,	'KL',	'TUBE LESS',	'Lorem ipsum',	'2023-01-08 09:19:25',	'2023-01-08 09:54:09',	NULL),
(260,	'OTKTL00111',	'BAN LUAR KINGLAND 120/70-13 KING JAGUAR RTX-5 TL',	50.00,	325000.00,	325000.00,	0.00,	NULL,	'2023-01-08',	NULL,	50,	'120/70-13',	1,	'KL',	'TUBE LESS',	'Lorem ipsum',	'2023-01-08 09:19:25',	'2023-01-08 09:54:09',	NULL),
(261,	'OTKTL00021',	'BAN LUAR KINGLAND 120/70-14 AXERO KING JAGUAR TL',	50.00,	365000.00,	365000.00,	0.00,	NULL,	'2023-01-08',	NULL,	50,	'120/70-14',	1,	'KL',	'TUBE LESS',	'Lorem ipsum',	'2023-01-08 09:19:25',	'2023-01-08 09:54:09',	NULL),
(262,	'OTKTL00022',	'BAN LUAR KINGLAND 120/70-17 KING JAGUAR TL',	50.00,	487000.00,	487000.00,	0.00,	NULL,	'2023-01-08',	NULL,	50,	'120/70-17',	1,	'KL',	'TUBE LESS',	'Lorem ipsum',	'2023-01-08 09:19:25',	'2023-01-08 09:54:09',	NULL),
(263,	'OTKTL00023',	'BAN LUAR KINGLAND 120/80-14 KING ANACONDA TL',	50.00,	414000.00,	414000.00,	0.00,	NULL,	'2023-01-08',	NULL,	50,	'120/80-14',	1,	'KL',	'TUBE LESS',	'Lorem ipsum',	'2023-01-08 09:19:25',	'2023-01-08 09:54:09',	NULL),
(264,	'OTKTL00024',	'BAN LUAR KINGLAND 120/80-17 KING JAGUAR TL',	50.00,	499000.00,	499000.00,	0.00,	NULL,	'2023-01-08',	NULL,	50,	'120/80-17',	1,	'KL',	'TUBE LESS',	'Lorem ipsum',	'2023-01-08 09:19:25',	'2023-01-08 09:54:09',	NULL),
(265,	'OTKTL00025',	'BAN LUAR KINGLAND 130/70-13 KING JAGUAR TL',	50.00,	391000.00,	391000.00,	0.00,	NULL,	'2023-01-08',	NULL,	50,	'130/70-13',	1,	'KL',	'TUBE LESS',	'Lorem ipsum',	'2023-01-08 09:19:25',	'2023-01-08 09:54:09',	NULL),
(266,	'OTKTL00026',	'BAN LUAR KINGLAND 130/70-17 KING JAGUAR TL',	50.00,	573000.00,	573000.00,	0.00,	NULL,	'2023-01-08',	NULL,	50,	'130/70-17',	1,	'KL',	'TUBE LESS',	'Lorem ipsum',	'2023-01-08 09:19:25',	'2023-01-08 09:54:09',	NULL),
(267,	'OTKTL00112',	'BAN LUAR KINGLAND 140/70-13 KING JAGUAR RTX-5 TL',	50.00,	420000.00,	420000.00,	0.00,	NULL,	'2023-01-08',	NULL,	50,	'140/70-13',	1,	'KL',	'TUBE LESS',	'Lorem ipsum',	'2023-01-08 09:19:25',	'2023-01-08 09:54:09',	NULL),
(268,	'OTKTL00027',	'BAN LUAR KINGLAND 140/70-14 AXERO KING JAGUAR TL',	50.00,	460000.00,	460000.00,	0.00,	NULL,	'2023-01-08',	NULL,	50,	'140/70-14',	1,	'KL',	'TUBE LESS',	'Lorem ipsum',	'2023-01-08 09:19:25',	'2023-01-08 09:54:09',	NULL),
(269,	'OTKTL00028',	'BAN LUAR KINGLAND 225-17 KING DOLPHIN TT',	50.00,	151000.00,	151000.00,	0.00,	NULL,	'2023-01-08',	NULL,	50,	'225-17',	1,	'KL',	'TUBE TYPE',	'Lorem ipsum',	'2023-01-08 09:19:25',	'2023-01-08 09:54:09',	NULL),
(270,	'OTKTL00029',	'BAN LUAR KINGLAND 225-17 KING LION TT',	50.00,	151000.00,	151000.00,	0.00,	NULL,	'2023-01-08',	NULL,	50,	'225-17',	1,	'KL',	'TUBE TYPE',	'Lorem ipsum',	'2023-01-08 09:19:25',	'2023-01-08 09:54:09',	NULL),
(271,	'OTKTL00030',	'BAN LUAR KINGLAND 225-17 KING PHYTON TT',	50.00,	151000.00,	151000.00,	0.00,	NULL,	'2023-01-08',	NULL,	50,	'225-17',	1,	'KL',	'TUBE TYPE',	'Lorem ipsum',	'2023-01-08 09:19:25',	'2023-01-08 09:54:09',	NULL),
(272,	'OTKTL00031',	'BAN LUAR KINGLAND 250-17 KING ALIGATOR TT',	50.00,	182000.00,	182000.00,	0.00,	NULL,	'2023-01-08',	NULL,	50,	'250-17',	1,	'KL',	'TUBE TYPE',	'Lorem ipsum',	'2023-01-08 09:19:25',	'2023-01-08 09:54:09',	NULL),
(273,	'OTKTL00032',	'BAN LUAR KINGLAND 250-17 KING DOLPHIN TT',	50.00,	178500.00,	178500.00,	0.00,	NULL,	'2023-01-08',	NULL,	50,	'250-17',	1,	'KL',	'TUBE TYPE',	'Lorem ipsum',	'2023-01-08 09:19:25',	'2023-01-08 09:54:09',	NULL),
(274,	'OTKTL00033',	'BAN LUAR KINGLAND 250-17 KING LION TT',	50.00,	178500.00,	178500.00,	0.00,	NULL,	'2023-01-08',	NULL,	50,	'250-17',	1,	'KL',	'TUBE TYPE',	'Lorem ipsum',	'2023-01-08 09:19:25',	'2023-01-08 09:54:09',	NULL),
(275,	'OTKTL00035',	'BAN LUAR KINGLAND 250-17 KING PHYTON TT',	50.00,	178500.00,	178500.00,	0.00,	NULL,	'2023-01-08',	NULL,	50,	'250-17',	1,	'KL',	'TUBE TYPE',	'Lorem ipsum',	'2023-01-08 09:19:25',	'2023-01-08 09:54:09',	NULL),
(276,	'OTKTL00036',	'BAN LUAR KINGLAND 250-17 KING PITBULL TT',	50.00,	182000.00,	182000.00,	0.00,	NULL,	'2023-01-08',	NULL,	50,	'250-17',	1,	'KL',	'TUBE TYPE',	'Lorem ipsum',	'2023-01-08 09:19:25',	'2023-01-08 09:54:09',	NULL),
(277,	'OTKTL00037',	'BAN LUAR KINGLAND 275-17 KING ALIGATOR TT',	50.00,	230000.00,	230000.00,	0.00,	NULL,	'2023-01-08',	NULL,	50,	'275-17',	1,	'KL',	'TUBE TYPE',	'Lorem ipsum',	'2023-01-08 09:19:25',	'2023-01-08 09:54:09',	NULL),
(278,	'OTKTL00038',	'BAN LUAR KINGLAND 275-17 KING DOLPHIN TT',	50.00,	226000.00,	226000.00,	0.00,	NULL,	'2023-01-08',	NULL,	50,	'275-17',	1,	'KL',	'TUBE TYPE',	'Lorem ipsum',	'2023-01-08 09:19:25',	'2023-01-08 09:54:09',	NULL),
(279,	'OTKTL00039',	'BAN LUAR KINGLAND 275-17 KING LION TT',	50.00,	226000.00,	226000.00,	0.00,	NULL,	'2023-01-08',	NULL,	50,	'275-17',	1,	'KL',	'TUBE TYPE',	'Lorem ipsum',	'2023-01-08 09:19:25',	'2023-01-08 09:54:09',	NULL),
(280,	'OTKTL00040',	'BAN LUAR KINGLAND 275-17 KING PITBULL TT',	50.00,	230000.00,	230000.00,	0.00,	NULL,	'2023-01-08',	NULL,	50,	'275-17',	1,	'KL',	'TUBE TYPE',	'Lorem ipsum',	'2023-01-08 09:19:25',	'2023-01-08 09:54:09',	NULL),
(281,	'OTKTL00042',	'BAN LUAR KINGLAND 300-17 KING ALIGATOR TT',	50.00,	295000.00,	295000.00,	0.00,	NULL,	'2023-01-08',	NULL,	50,	'300-17',	1,	'KL',	'TUBE TYPE',	'Lorem ipsum',	'2023-01-08 09:19:25',	'2023-01-08 09:54:09',	NULL),
(282,	'OTKTL00043',	'BAN LUAR KINGLAND 300-17 KING PITBULL TT',	50.00,	281000.00,	281000.00,	0.00,	NULL,	'2023-01-08',	NULL,	50,	'300-17',	1,	'KL',	'TUBE TYPE',	'Lorem ipsum',	'2023-01-08 09:19:25',	'2023-01-08 09:54:09',	NULL),
(283,	'OTKTL00044',	'BAN LUAR KINGLAND 60/80-17 KING JAGUAR TT',	50.00,	161000.00,	161000.00,	0.00,	NULL,	'2023-01-08',	NULL,	50,	'60/80-17',	1,	'KL',	'TUBE TYPE',	'Lorem ipsum',	'2023-01-08 09:19:25',	'2023-01-08 09:54:09',	NULL),
(284,	'OTKTL00109',	'BAN LUAR KINGLAND 60/80-17 VELLOX CTX-5 TT',	50.00,	380000.00,	380000.00,	0.00,	NULL,	'2023-01-08',	NULL,	50,	'60/80-17',	1,	'KL',	'TUBE TYPE',	'Lorem ipsum',	'2023-01-08 09:19:25',	'2023-01-08 09:54:09',	NULL),
(285,	'OTKTL00047',	'BAN LUAR KINGLAND 70/90-14 KING JAGUAR TL',	50.00,	205000.00,	205000.00,	0.00,	NULL,	'2023-01-08',	NULL,	50,	'70/90-14',	1,	'KL',	'TUBE LESS',	'Lorem ipsum',	'2023-01-08 09:19:25',	'2023-01-08 09:54:09',	NULL),
(286,	'OTKTL00048',	'BAN LUAR KINGLAND 70/90-14 KING JAGUAR TT',	50.00,	164000.00,	164000.00,	0.00,	NULL,	'2023-01-08',	NULL,	50,	'70/90-14',	1,	'KL',	'TUBE TYPE',	'Lorem ipsum',	'2023-01-08 09:19:25',	'2023-01-08 09:54:09',	NULL),
(287,	'OTKTL00050',	'BAN LUAR KINGLAND 70/90-14 KING PITBULL TT',	50.00,	167000.00,	167000.00,	0.00,	NULL,	'2023-01-08',	NULL,	50,	'70/90-14',	1,	'KL',	'TUBE TYPE',	'Lorem ipsum',	'2023-01-08 09:19:25',	'2023-01-08 09:54:09',	NULL),
(288,	'OTKTL00051',	'BAN LUAR KINGLAND 70/90-14 KING TIGER / KING TIGER CRT TL',	50.00,	205000.00,	205000.00,	0.00,	NULL,	'2023-01-08',	NULL,	50,	'70/90-14',	1,	'KL',	'TUBE LESS',	'Lorem ipsum',	'2023-01-08 09:19:25',	'2023-01-08 09:54:09',	NULL),
(289,	'OTKTL00052',	'BAN LUAR KINGLAND 70/90-14 KING TIGER TT',	50.00,	164000.00,	164000.00,	0.00,	NULL,	'2023-01-08',	NULL,	50,	'70/90-14',	1,	'KL',	'TUBE TYPE',	'Lorem ipsum',	'2023-01-08 09:19:25',	'2023-01-08 09:54:09',	NULL),
(290,	'OTKTL00055',	'BAN LUAR KINGLAND 70/90-17 KING DOLPHIN TT',	50.00,	182500.00,	182500.00,	0.00,	NULL,	'2023-01-08',	NULL,	50,	'70/90-17',	1,	'KL',	'TUBE TYPE',	'Lorem ipsum',	'2023-01-08 09:19:25',	'2023-01-08 09:54:09',	NULL),
(291,	'OTKTL00056',	'BAN LUAR KINGLAND 70/90-17 KING JAGUAR TL',	50.00,	235000.00,	235000.00,	0.00,	NULL,	'2023-01-08',	NULL,	50,	'70/90-17',	1,	'KL',	'TUBE LESS',	'Lorem ipsum',	'2023-01-08 09:19:25',	'2023-01-08 09:54:09',	NULL),
(292,	'OTKTL00057',	'BAN LUAR KINGLAND 70/90-17 KING JAGUAR TT',	50.00,	182500.00,	182500.00,	0.00,	NULL,	'2023-01-08',	NULL,	50,	'70/90-17',	1,	'KL',	'TUBE TYPE',	'Lorem ipsum',	'2023-01-08 09:19:25',	'2023-01-08 09:54:09',	NULL),
(293,	'OTKTL00115',	'BAN LUAR KINGLAND 70/90-17 KING LEOPARD TL',	50.00,	217000.00,	217000.00,	0.00,	NULL,	'2023-01-08',	NULL,	50,	'70/90-17',	1,	'KL',	'TUBE LESS',	'Lorem ipsum',	'2023-01-08 09:19:25',	'2023-01-08 09:54:09',	NULL),
(294,	'OTKTL00058',	'BAN LUAR KINGLAND 70/90-17 KING LION TT',	50.00,	182500.00,	182500.00,	0.00,	NULL,	'2023-01-08',	NULL,	50,	'70/90-17',	1,	'KL',	'TUBE TYPE',	'Lorem ipsum',	'2023-01-08 09:19:25',	'2023-01-08 09:54:09',	NULL),
(295,	'OTKTL00059',	'BAN LUAR KINGLAND 70/90-17 KING PANGOLINS TL',	50.00,	235000.00,	235000.00,	0.00,	NULL,	'2023-01-08',	NULL,	50,	'70/90-17',	1,	'KL',	'TUBE LESS',	'Lorem ipsum',	'2023-01-08 09:19:25',	'2023-01-08 09:54:09',	NULL),
(296,	'OTKTL00060',	'BAN LUAR KINGLAND 70/90-17 KING PUMA TT',	50.00,	182500.00,	182500.00,	0.00,	NULL,	'2023-01-08',	NULL,	50,	'70/90-17',	1,	'KL',	'TUBE TYPE',	'Lorem ipsum',	'2023-01-08 09:19:25',	'2023-01-08 09:54:09',	NULL),
(297,	'OTKTL00062',	'BAN LUAR KINGLAND 70/90-17 KING TIGER / KING TIGER CRT TL',	50.00,	235000.00,	235000.00,	0.00,	NULL,	'2023-01-08',	NULL,	50,	'70/90-17',	1,	'KL',	'TUBE LESS',	'Lorem ipsum',	'2023-01-08 09:19:25',	'2023-01-08 09:54:09',	NULL),
(298,	'OTKTL00063',	'BAN LUAR KINGLAND 70/90-17 KING TIGER TT',	50.00,	182500.00,	182500.00,	0.00,	NULL,	'2023-01-08',	NULL,	50,	'70/90-17',	1,	'KL',	'TUBE TYPE',	'Lorem ipsum',	'2023-01-08 09:19:25',	'2023-01-08 09:54:09',	NULL),
(299,	'OTKTL00064',	'BAN LUAR KINGLAND 80/80-14 KING JAGUAR TL',	50.00,	225000.00,	225000.00,	0.00,	NULL,	'2023-01-08',	NULL,	50,	'80/80-14',	1,	'KL',	'TUBE LESS',	'Lorem ipsum',	'2023-01-08 09:19:25',	'2023-01-08 09:54:09',	NULL),
(300,	'OTKTL00065',	'BAN LUAR KINGLAND 80/80-17 KING JAGUAR TL',	50.00,	277000.00,	277000.00,	0.00,	NULL,	'2023-01-08',	NULL,	50,	'80/80-17',	1,	'KL',	'TUBE LESS',	'Lorem ipsum',	'2023-01-08 09:19:25',	'2023-01-08 09:54:09',	NULL),
(301,	'OTKTL00066',	'BAN LUAR KINGLAND 80/80-17 KING JAGUAR TT',	50.00,	201500.00,	201500.00,	0.00,	NULL,	'2023-01-08',	NULL,	50,	'80/80-17',	1,	'KL',	'TUBE TYPE',	'Lorem ipsum',	'2023-01-08 09:19:25',	'2023-01-08 09:54:09',	NULL),
(302,	'OTKTL00067',	'BAN LUAR KINGLAND 80/90-14 AXERO KING JAGUAR TL',	50.00,	235500.00,	235500.00,	0.00,	NULL,	'2023-01-08',	NULL,	50,	'80/90-14',	1,	'KL',	'TUBE LESS',	'Lorem ipsum',	'2023-01-08 09:19:25',	'2023-01-08 09:54:09',	NULL),
(303,	'OTKTL00068',	'BAN LUAR KINGLAND 80/90-14 KING ANACONDA TL',	50.00,	234500.00,	234500.00,	0.00,	NULL,	'2023-01-08',	NULL,	50,	'80/90-14',	1,	'KL',	'TUBE LESS',	'Lorem ipsum',	'2023-01-08 09:19:25',	'2023-01-08 09:54:09',	NULL),
(304,	'OTKTL00071',	'BAN LUAR KINGLAND 80/90-14 KING DOLPHIN TT',	50.00,	193000.00,	193000.00,	0.00,	NULL,	'2023-01-08',	NULL,	50,	'80/90-14',	1,	'KL',	'TUBE TYPE',	'Lorem ipsum',	'2023-01-08 09:19:25',	'2023-01-08 09:54:09',	NULL),
(305,	'OTKTL00072',	'BAN LUAR KINGLAND 80/90-14 KING JAGUAR TL',	50.00,	234500.00,	234500.00,	0.00,	NULL,	'2023-01-08',	NULL,	50,	'80/90-14',	1,	'KL',	'TUBE LESS',	'Lorem ipsum',	'2023-01-08 09:19:25',	'2023-01-08 09:54:09',	NULL),
(306,	'OTKTL00073',	'BAN LUAR KINGLAND 80/90-14 KING JAGUAR TT',	50.00,	193000.00,	193000.00,	0.00,	NULL,	'2023-01-08',	NULL,	50,	'80/90-14',	1,	'KL',	'TUBE TYPE',	'Lorem ipsum',	'2023-01-08 09:19:25',	'2023-01-08 09:54:09',	NULL),
(307,	'OTKTL00113',	'BAN LUAR KINGLAND 80/90-14 KING LEOPARD TL',	50.00,	234000.00,	234000.00,	0.00,	NULL,	'2023-01-08',	NULL,	50,	'80/90-14',	1,	'KL',	'TUBE LESS',	'Lorem ipsum',	'2023-01-08 09:19:25',	'2023-01-08 09:54:09',	NULL),
(308,	'OTKTL00075',	'BAN LUAR KINGLAND 80/90-14 KING PANGOLINS TL',	50.00,	234500.00,	234500.00,	0.00,	NULL,	'2023-01-08',	NULL,	50,	'80/90-14',	1,	'KL',	'TUBE LESS',	'Lorem ipsum',	'2023-01-08 09:19:25',	'2023-01-08 09:54:09',	NULL),
(309,	'OTKTL00076',	'BAN LUAR KINGLAND 80/90-14 KING PITBULL TT',	50.00,	204000.00,	204000.00,	0.00,	NULL,	'2023-01-08',	NULL,	50,	'80/90-14',	1,	'KL',	'TUBE TYPE',	'Lorem ipsum',	'2023-01-08 09:19:25',	'2023-01-08 09:54:09',	NULL),
(310,	'OTKTL00077',	'BAN LUAR KINGLAND 80/90-14 KING PUMA TT',	50.00,	193000.00,	193000.00,	0.00,	NULL,	'2023-01-08',	NULL,	50,	'80/90-14',	1,	'KL',	'TUBE TYPE',	'Lorem ipsum',	'2023-01-08 09:19:25',	'2023-01-08 09:54:09',	NULL),
(311,	'OTKTL00078',	'BAN LUAR KINGLAND 80/90-14 KING TIGER / KING TIGER CRT TL',	50.00,	234500.00,	234500.00,	0.00,	NULL,	'2023-01-08',	NULL,	50,	'80/90-14',	1,	'KL',	'TUBE LESS',	'Lorem ipsum',	'2023-01-08 09:19:25',	'2023-01-08 09:54:09',	NULL),
(312,	'OTKTL00079',	'BAN LUAR KINGLAND 80/90-14 KING TIGER TT',	50.00,	193000.00,	193000.00,	0.00,	NULL,	'2023-01-08',	NULL,	50,	'80/90-14',	1,	'KL',	'TUBE TYPE',	'Lorem ipsum',	'2023-01-08 09:19:25',	'2023-01-08 09:54:09',	NULL),
(313,	'OTKTL00080',	'BAN LUAR KINGLAND 80/90-17 KING ANACONDA TL',	50.00,	279000.00,	279000.00,	0.00,	NULL,	'2023-01-08',	NULL,	50,	'80/90-17',	1,	'KL',	'TUBE LESS',	'Lorem ipsum',	'2023-01-08 09:19:25',	'2023-01-08 09:54:09',	NULL),
(314,	'OTKTL00083',	'BAN LUAR KINGLAND 80/90-17 KING DOLPHIN TT',	50.00,	234500.00,	234500.00,	0.00,	NULL,	'2023-01-08',	NULL,	50,	'80/90-17',	1,	'KL',	'TUBE TYPE',	'Lorem ipsum',	'2023-01-08 09:19:25',	'2023-01-08 09:54:09',	NULL),
(315,	'OTKTL00084',	'BAN LUAR KINGLAND 80/90-17 KING JAGUAR TL',	50.00,	279000.00,	279000.00,	0.00,	NULL,	'2023-01-08',	NULL,	50,	'80/90-17',	1,	'KL',	'TUBE LESS',	'Lorem ipsum',	'2023-01-08 09:19:25',	'2023-01-08 09:54:09',	NULL),
(316,	'OTKTL00085',	'BAN LUAR KINGLAND 80/90-17 KING JAGUAR TT',	50.00,	234500.00,	234500.00,	0.00,	NULL,	'2023-01-08',	NULL,	50,	'80/90-17',	1,	'KL',	'TUBE TYPE',	'Lorem ipsum',	'2023-01-08 09:19:25',	'2023-01-08 09:54:09',	NULL),
(317,	'OTKTL00116',	'BAN LUAR KINGLAND 80/90-17 KING LEOPARD TL',	50.00,	264000.00,	264000.00,	0.00,	NULL,	'2023-01-08',	NULL,	50,	'80/90-17',	1,	'KL',	'TUBE LESS',	'Lorem ipsum',	'2023-01-08 09:19:25',	'2023-01-08 09:54:09',	NULL),
(318,	'OTKTL00086',	'BAN LUAR KINGLAND 80/90-17 KING LION TT',	50.00,	234500.00,	234500.00,	0.00,	NULL,	'2023-01-08',	NULL,	50,	'80/90-17',	1,	'KL',	'TUBE TYPE',	'Lorem ipsum',	'2023-01-08 09:19:25',	'2023-01-08 09:54:09',	NULL),
(319,	'OTKTL00087',	'BAN LUAR KINGLAND 80/90-17 KING PANGOLINS TL',	50.00,	279000.00,	279000.00,	0.00,	NULL,	'2023-01-08',	NULL,	50,	'80/90-17',	1,	'KL',	'TUBE LESS',	'Lorem ipsum',	'2023-01-08 09:19:25',	'2023-01-08 09:54:09',	NULL),
(320,	'OTKTL00088',	'BAN LUAR KINGLAND 80/90-17 KING PUMA TT',	50.00,	234500.00,	234500.00,	0.00,	NULL,	'2023-01-08',	NULL,	50,	'80/90-17',	1,	'KL',	'TUBE TYPE',	'Lorem ipsum',	'2023-01-08 09:19:25',	'2023-01-08 09:54:09',	NULL),
(321,	'OTKTL00090',	'BAN LUAR KINGLAND 80/90-17 KING TIGER / KING TIGER CRT TL',	50.00,	279000.00,	279000.00,	0.00,	NULL,	'2023-01-08',	NULL,	50,	'80/90-17',	1,	'KL',	'TUBE LESS',	'Lorem ipsum',	'2023-01-08 09:19:25',	'2023-01-08 09:54:09',	NULL),
(322,	'OTKTL00091',	'BAN LUAR KINGLAND 80/90-17 KING TIGER TT',	50.00,	234500.00,	234500.00,	0.00,	NULL,	'2023-01-08',	NULL,	50,	'80/90-17',	1,	'KL',	'TUBE TYPE',	'Lorem ipsum',	'2023-01-08 09:19:25',	'2023-01-08 09:54:09',	NULL),
(323,	'OTKTL00092',	'BAN LUAR KINGLAND 90/80-14 AXERO KING JAGUAR TL',	50.00,	277000.00,	277000.00,	0.00,	NULL,	'2023-01-08',	NULL,	50,	'90/80-14',	1,	'KL',	'TUBE LESS',	'Lorem ipsum',	'2023-01-08 09:19:25',	'2023-01-08 09:54:09',	NULL),
(324,	'OTKTL00093',	'BAN LUAR KINGLAND 90/80-14 KING JAGUAR TL',	50.00,	276000.00,	276000.00,	0.00,	NULL,	'2023-01-08',	NULL,	50,	'90/80-14',	1,	'KL',	'TUBE LESS',	'Lorem ipsum',	'2023-01-08 09:19:25',	'2023-01-08 09:54:09',	NULL),
(325,	'OTKTL00094',	'BAN LUAR KINGLAND 90/80-17 KING JAGUAR TL',	50.00,	340000.00,	340000.00,	0.00,	NULL,	'2023-01-08',	NULL,	50,	'90/80-17',	1,	'KL',	'TUBE LESS',	'Lorem ipsum',	'2023-01-08 09:19:25',	'2023-01-08 09:54:09',	NULL),
(326,	'OTKTL00095',	'BAN LUAR KINGLAND 90/80-17 KING JAGUAR TT',	50.00,	250500.00,	250500.00,	0.00,	NULL,	'2023-01-08',	NULL,	50,	'90/80-17',	1,	'KL',	'TUBE TYPE',	'Lorem ipsum',	'2023-01-08 09:19:25',	'2023-01-08 09:54:09',	NULL),
(327,	'OTKTL00096',	'BAN LUAR KINGLAND 90/90-14 AXERO KING JAGUAR TL',	50.00,	280000.00,	280000.00,	0.00,	NULL,	'2023-01-08',	NULL,	50,	'90/90-14',	1,	'KL',	'TUBE LESS',	'Lorem ipsum',	'2023-01-08 09:19:25',	'2023-01-08 09:54:09',	NULL),
(328,	'OTKTL00097',	'BAN LUAR KINGLAND 90/90-14 KING ANACONDA TL',	50.00,	279000.00,	279000.00,	0.00,	NULL,	'2023-01-08',	NULL,	50,	'90/90-14',	1,	'KL',	'TUBE LESS',	'Lorem ipsum',	'2023-01-08 09:19:25',	'2023-01-08 09:54:09',	NULL),
(329,	'OTKTL00098',	'BAN LUAR KINGLAND 90/90-14 KING DOLPHIN TT',	50.00,	226000.00,	226000.00,	0.00,	NULL,	'2023-01-08',	NULL,	50,	'90/90-14',	1,	'KL',	'TUBE TYPE',	'Lorem ipsum',	'2023-01-08 09:19:25',	'2023-01-08 09:54:09',	NULL),
(330,	'OTKTL00099',	'BAN LUAR KINGLAND 90/90-14 KING JAGUAR TL',	50.00,	279000.00,	279000.00,	0.00,	NULL,	'2023-01-08',	NULL,	50,	'90/90-14',	1,	'KL',	'TUBE LESS',	'Lorem ipsum',	'2023-01-08 09:19:25',	'2023-01-08 09:54:09',	NULL),
(331,	'OTKTL00100',	'BAN LUAR KINGLAND 90/90-14 KING JAGUAR TT',	50.00,	226000.00,	226000.00,	0.00,	NULL,	'2023-01-08',	NULL,	50,	'90/90-14',	1,	'KL',	'TUBE TYPE',	'Lorem ipsum',	'2023-01-08 09:19:25',	'2023-01-08 09:54:09',	NULL),
(332,	'OTKTL00114',	'BAN LUAR KINGLAND 90/90-14 KING LEOPARD TL',	50.00,	279000.00,	279000.00,	0.00,	NULL,	'2023-01-08',	NULL,	50,	'90/90-14',	1,	'KL',	'TUBE LESS',	'Lorem ipsum',	'2023-01-08 09:19:25',	'2023-01-08 09:54:09',	NULL),
(333,	'OTKTL00101',	'BAN LUAR KINGLAND 90/90-14 KING PANGOLINS TL',	50.00,	279000.00,	279000.00,	0.00,	NULL,	'2023-01-08',	NULL,	50,	'90/90-14',	1,	'KL',	'TUBE LESS',	'Lorem ipsum',	'2023-01-08 09:19:25',	'2023-01-08 09:54:09',	NULL),
(334,	'OTKTL00102',	'BAN LUAR KINGLAND 90/90-14 KING PITBULL TT',	50.00,	230000.00,	230000.00,	0.00,	NULL,	'2023-01-08',	NULL,	50,	'90/90-14',	1,	'KL',	'TUBE TYPE',	'Lorem ipsum',	'2023-01-08 09:19:25',	'2023-01-08 09:54:09',	NULL),
(335,	'OTKTL00103',	'BAN LUAR KINGLAND 90/90-14 KING PUMA TT',	50.00,	226000.00,	226000.00,	0.00,	NULL,	'2023-01-08',	NULL,	50,	'90/90-14',	1,	'KL',	'TUBE TYPE',	'Lorem ipsum',	'2023-01-08 09:19:25',	'2023-01-08 09:54:09',	NULL),
(336,	'OTKTL00104',	'BAN LUAR KINGLAND 90/90-14 KING TIGER / KING TIGER CRT TL',	50.00,	279000.00,	279000.00,	0.00,	NULL,	'2023-01-08',	NULL,	50,	'90/90-14',	1,	'KL',	'TUBE LESS',	'Lorem ipsum',	'2023-01-08 09:19:25',	'2023-01-08 09:54:09',	NULL),
(337,	'OTKTL00105',	'BAN LUAR KINGLAND 90/90-14 KING TIGER TT',	50.00,	226000.00,	226000.00,	0.00,	NULL,	'2023-01-08',	NULL,	50,	'90/90-14',	1,	'KL',	'TUBE TYPE',	'Lorem ipsum',	'2023-01-08 09:19:25',	'2023-01-08 09:54:09',	NULL),
(338,	'OTKTL00106',	'BAN LUAR KINGLAND 90/90-17 KING ANACONDA TL',	50.00,	321500.00,	321500.00,	0.00,	NULL,	'2023-01-08',	NULL,	50,	'90/90-17',	1,	'KL',	'TUBE LESS',	'Lorem ipsum',	'2023-01-08 09:19:25',	'2023-01-08 09:54:09',	NULL),
(339,	'OTKTL00107',	'BAN LUAR KINGLAND 90/90-17 KING DOLPHIN TT',	50.00,	274500.00,	274500.00,	0.00,	NULL,	'2023-01-08',	NULL,	50,	'90/90-17',	1,	'KL',	'TUBE TYPE',	'Lorem ipsum',	'2023-01-08 09:19:25',	'2023-01-08 09:54:09',	NULL),
(340,	'OTKTL00108',	'BAN LUAR KINGLAND 90/90-17 KING JAGUAR TL',	50.00,	321500.00,	321500.00,	0.00,	NULL,	'2023-01-08',	NULL,	50,	'90/90-17',	1,	'KL',	'TUBE LESS',	'Lorem ipsum',	'2023-01-08 09:19:25',	'2023-01-08 09:54:09',	NULL),
(341,	'OTMXS00003',	'BAN LUAR MAXXIS 100/80-14 DIAMOND-MA-3DN TL',	50.00,	369000.00,	369000.00,	0.00,	NULL,	'2023-01-08',	NULL,	50,	'100/80-14',	1,	'MX',	'TUBE LESS',	'Lorem ipsum',	'2023-01-08 09:19:25',	'2023-01-08 09:55:03',	NULL),
(342,	'OTMXS00004',	'BAN LUAR MAXXIS 100/80-14 GREEN DEVIL-MA-G1 TL',	50.00,	410000.00,	410000.00,	0.00,	NULL,	'2023-01-08',	NULL,	50,	'100/80-14',	1,	'MX',	'TUBE LESS',	'Lorem ipsum',	'2023-01-08 09:19:25',	'2023-01-08 09:55:03',	NULL),
(343,	'OTMXS00005',	'BAN LUAR MAXXIS 100/80-14 VICTRA S98 ST TL',	50.00,	415000.00,	415000.00,	0.00,	NULL,	'2023-01-08',	NULL,	50,	'100/80-14',	1,	'MX',	'TUBE LESS',	'Lorem ipsum',	'2023-01-08 09:19:25',	'2023-01-08 09:55:03',	NULL),
(344,	'OTMXS00006',	'BAN LUAR MAXXIS 100/80-17 EXTRAMAXX-M6233W/M6234W TL',	50.00,	475000.00,	475000.00,	0.00,	NULL,	'2023-01-08',	NULL,	50,	'100/80-17',	1,	'MX',	'TUBE LESS',	'Lorem ipsum',	'2023-01-08 09:19:25',	'2023-01-08 09:55:03',	NULL),
(345,	'OTMXS00007',	'BAN LUAR MAXXIS 100/90-12 M922 F/R TL',	50.00,	291000.00,	291000.00,	0.00,	NULL,	'2023-01-08',	NULL,	50,	'100/90-12',	1,	'MX',	'TUBE LESS',	'Lorem ipsum',	'2023-01-08 09:19:25',	'2023-01-08 09:55:03',	NULL),
(346,	'OTMXS00008',	'BAN LUAR MAXXIS 100/90-14 VICTRA S98 ST TL',	50.00,	445000.00,	445000.00,	0.00,	NULL,	'2023-01-08',	NULL,	50,	'100/90-14',	1,	'MX',	'TUBE LESS',	'Lorem ipsum',	'2023-01-08 09:19:25',	'2023-01-08 09:55:03',	NULL),
(347,	'OTMXS00009',	'BAN LUAR MAXXIS 110/70-12 WGR TL',	50.00,	700000.00,	700000.00,	0.00,	NULL,	'2023-01-08',	NULL,	50,	'110/70-12',	1,	'MX',	'TUBE LESS',	'Lorem ipsum',	'2023-01-08 09:19:25',	'2023-01-08 09:55:03',	NULL),
(348,	'OTMXS00010',	'BAN LUAR MAXXIS 110/70-13 VICTRA S98 ST TL',	50.00,	397000.00,	397000.00,	0.00,	NULL,	'2023-01-08',	NULL,	50,	'110/70-13',	1,	'MX',	'TUBE LESS',	'Lorem ipsum',	'2023-01-08 09:19:25',	'2023-01-08 09:55:03',	NULL),
(349,	'OTMXS00011',	'BAN LUAR MAXXIS 110/70-13 WGR TL',	50.00,	600000.00,	600000.00,	0.00,	NULL,	'2023-01-08',	NULL,	50,	'110/70-13',	1,	'MX',	'TUBE LESS',	'Lorem ipsum',	'2023-01-08 09:19:25',	'2023-01-08 09:55:03',	NULL),
(350,	'OTMXS00012',	'BAN LUAR MAXXIS 110/70-17 EXTRAMAXX-M6233W/M6234W TL',	50.00,	579000.00,	579000.00,	0.00,	NULL,	'2023-01-08',	NULL,	50,	'110/70-17',	1,	'MX',	'TUBE LESS',	'Lorem ipsum',	'2023-01-08 09:19:25',	'2023-01-08 09:55:03',	NULL),
(351,	'OTMXS00061',	'BAN LUAR MAXXIS 110/70-17 GREEN DEVIL-MA-G1 TL',	50.00,	470000.00,	470000.00,	0.00,	NULL,	'2023-01-08',	NULL,	50,	'110/70-17',	1,	'MX',	'TUBE LESS',	'Lorem ipsum',	'2023-01-08 09:19:25',	'2023-01-08 09:55:03',	NULL),
(352,	'OTMXS00013',	'BAN LUAR MAXXIS 110/80-14 VICTRA S98 ST TL',	50.00,	474000.00,	474000.00,	0.00,	NULL,	'2023-01-08',	NULL,	50,	'110/80-14',	1,	'MX',	'TUBE LESS',	'Lorem ipsum',	'2023-01-08 09:19:25',	'2023-01-08 09:55:03',	NULL),
(353,	'OTMXS00014',	'BAN LUAR MAXXIS 110/90-12 M922 F/R TL',	50.00,	354000.00,	354000.00,	0.00,	NULL,	'2023-01-08',	NULL,	50,	'110/90-12',	1,	'MX',	'TUBE LESS',	'Lorem ipsum',	'2023-01-08 09:19:25',	'2023-01-08 09:55:03',	NULL),
(354,	'OTMXS00015',	'BAN LUAR MAXXIS 120/70-12 WGR TL',	50.00,	700000.00,	700000.00,	0.00,	NULL,	'2023-01-08',	NULL,	50,	'120/70-12',	1,	'MX',	'TUBE LESS',	'Lorem ipsum',	'2023-01-08 09:19:25',	'2023-01-08 09:55:03',	NULL),
(355,	'OTMXS00016',	'BAN LUAR MAXXIS 120/70-13 VICTRA S98 ST TL',	50.00,	428000.00,	428000.00,	0.00,	NULL,	'2023-01-08',	NULL,	50,	'120/70-13',	1,	'MX',	'TUBE LESS',	'Lorem ipsum',	'2023-01-08 09:19:25',	'2023-01-08 09:55:03',	NULL),
(356,	'OTMXS00017',	'BAN LUAR MAXXIS 120/70-14 VICTRA S98 ST TL',	50.00,	520000.00,	520000.00,	0.00,	NULL,	'2023-01-08',	NULL,	50,	'120/70-14',	1,	'MX',	'TUBE LESS',	'Lorem ipsum',	'2023-01-08 09:19:25',	'2023-01-08 09:55:03',	NULL),
(357,	'OTMXS00018',	'BAN LUAR MAXXIS 120/70-15 VICTRA S98 ST TL',	50.00,	613000.00,	613000.00,	0.00,	NULL,	'2023-01-08',	NULL,	50,	'120/70-15',	1,	'MX',	'TUBE LESS',	'Lorem ipsum',	'2023-01-08 09:19:25',	'2023-01-08 09:55:03',	NULL),
(358,	'OTMXS00019',	'BAN LUAR MAXXIS 120/70-17 EXTRAMAXX-M6233W/M6234W TL',	50.00,	668000.00,	668000.00,	0.00,	NULL,	'2023-01-08',	NULL,	50,	'120/70-17',	1,	'MX',	'TUBE LESS',	'Lorem ipsum',	'2023-01-08 09:19:25',	'2023-01-08 09:55:03',	NULL),
(359,	'OTMXS00020',	'BAN LUAR MAXXIS 120/70-17 ZR 3DSI TL',	50.00,	1700000.00,	1700000.00,	0.00,	NULL,	'2023-01-08',	NULL,	50,	'120/70-17',	1,	'MX',	'TUBE LESS',	'Lorem ipsum',	'2023-01-08 09:19:25',	'2023-01-08 09:55:03',	NULL),
(360,	'OTMXS00021',	'BAN LUAR MAXXIS 130/70-13 VICTRA S98 ST TL',	50.00,	520000.00,	520000.00,	0.00,	NULL,	'2023-01-08',	NULL,	50,	'130/70-13',	1,	'MX',	'TUBE LESS',	'Lorem ipsum',	'2023-01-08 09:19:25',	'2023-01-08 09:55:03',	NULL),
(361,	'OTMXS00022',	'BAN LUAR MAXXIS 130/70-13 WGR TL',	50.00,	700000.00,	700000.00,	0.00,	NULL,	'2023-01-08',	NULL,	50,	'130/70-13',	1,	'MX',	'TUBE LESS',	'Lorem ipsum',	'2023-01-08 09:19:25',	'2023-01-08 09:55:03',	NULL),
(362,	'OTMXS00023',	'BAN LUAR MAXXIS 130/70-17 EXTRAMAXX-M6233W/M6234W TL',	50.00,	741000.00,	741000.00,	0.00,	NULL,	'2023-01-08',	NULL,	50,	'130/70-17',	1,	'MX',	'TUBE LESS',	'Lorem ipsum',	'2023-01-08 09:19:25',	'2023-01-08 09:55:03',	NULL),
(363,	'OTMXS00024',	'BAN LUAR MAXXIS 140/70-13 VICTRA S98 ST TL',	50.00,	550000.00,	550000.00,	0.00,	NULL,	'2023-01-08',	NULL,	50,	'140/70-13',	1,	'MX',	'TUBE LESS',	'Lorem ipsum',	'2023-01-08 09:19:25',	'2023-01-08 09:55:03',	NULL),
(364,	'OTMXS00025',	'BAN LUAR MAXXIS 140/70-14 VICTRA S98 ST TL',	50.00,	656000.00,	656000.00,	0.00,	NULL,	'2023-01-08',	NULL,	50,	'140/70-14',	1,	'MX',	'TUBE LESS',	'Lorem ipsum',	'2023-01-08 09:19:25',	'2023-01-08 09:55:03',	NULL),
(365,	'OTMXS00026',	'BAN LUAR MAXXIS 140/70-17 EXTRAMAXX-M6233W/M6234W TL',	50.00,	830000.00,	830000.00,	0.00,	NULL,	'2023-01-08',	NULL,	50,	'140/70-17',	1,	'MX',	'TUBE LESS',	'Lorem ipsum',	'2023-01-08 09:19:25',	'2023-01-08 09:55:03',	NULL),
(366,	'OTMXS00027',	'BAN LUAR MAXXIS 150/60-17 EXTRAMAXX-M6233W/M6234W TL',	50.00,	901000.00,	901000.00,	0.00,	NULL,	'2023-01-08',	NULL,	50,	'150/60-17',	1,	'MX',	'TUBE LESS',	'Lorem ipsum',	'2023-01-08 09:19:25',	'2023-01-08 09:55:03',	NULL),
(367,	'OTMXS00028',	'BAN LUAR MAXXIS 160/60-17 ZR 3DSI TL',	50.00,	1900000.00,	1900000.00,	0.00,	NULL,	'2023-01-08',	NULL,	50,	'160/60-17',	1,	'MX',	'TUBE LESS',	'Lorem ipsum',	'2023-01-08 09:19:25',	'2023-01-08 09:55:03',	NULL),
(368,	'OTMXS00065',	'BAN LUAR MAXXIS 250-17 M1861 TT',	50.00,	206000.00,	206000.00,	0.00,	NULL,	'2023-01-08',	NULL,	50,	'250-17',	1,	'MX',	'TUBE TYPE',	'Lorem ipsum',	'2023-01-08 09:19:25',	'2023-01-08 09:55:03',	NULL),
(369,	'OTMXS00066',	'BAN LUAR MAXXIS 275-17 M1861 TT',	50.00,	255000.00,	255000.00,	0.00,	NULL,	'2023-01-08',	NULL,	50,	'275-17',	1,	'MX',	'TUBE TYPE',	'Lorem ipsum',	'2023-01-08 09:19:25',	'2023-01-08 09:55:03',	NULL),
(370,	'OTMXS00067',	'BAN LUAR MAXXIS 300-17 M1861 TT',	50.00,	295000.00,	295000.00,	0.00,	NULL,	'2023-01-08',	NULL,	50,	'300-17',	1,	'MX',	'TUBE TYPE',	'Lorem ipsum',	'2023-01-08 09:19:25',	'2023-01-08 09:55:03',	NULL),
(371,	'OTMXS00059',	'BAN LUAR MAXXIS 70/90-14 DIAMOND-MA-3DN TL',	50.00,	199000.00,	199000.00,	0.00,	NULL,	'2023-01-08',	NULL,	50,	'70/90-14',	1,	'MX',	'TUBE LESS',	'Lorem ipsum',	'2023-01-08 09:19:25',	'2023-01-08 09:55:03',	NULL),
(372,	'OTMXS00062',	'BAN LUAR MAXXIS 70/90-14 M6167H TT',	50.00,	130000.00,	130000.00,	0.00,	NULL,	'2023-01-08',	NULL,	50,	'70/90-14',	1,	'MX',	'TUBE TYPE',	'Lorem ipsum',	'2023-01-08 09:19:25',	'2023-01-08 09:55:03',	NULL),
(373,	'OTMXS00068',	'BAN LUAR MAXXIS 70/90-14 M6239 TT',	50.00,	162000.00,	162000.00,	0.00,	NULL,	'2023-01-08',	NULL,	50,	'70/90-14',	1,	'MX',	'TUBE TYPE',	'Lorem ipsum',	'2023-01-08 09:19:25',	'2023-01-08 09:55:03',	NULL),
(374,	'OTMXS00029',	'BAN LUAR MAXXIS 70/90-14 MA-V6 TL',	50.00,	221000.00,	221000.00,	0.00,	NULL,	'2023-01-08',	NULL,	50,	'70/90-14',	1,	'MX',	'TUBE LESS',	'Lorem ipsum',	'2023-01-08 09:19:25',	'2023-01-08 09:55:03',	NULL),
(375,	'OTMXS00030',	'BAN LUAR MAXXIS 70/90-16 M6211 TL',	50.00,	264000.00,	264000.00,	0.00,	NULL,	'2023-01-08',	NULL,	50,	'70/90-16',	1,	'MX',	'TUBE LESS',	'Lorem ipsum',	'2023-01-08 09:19:25',	'2023-01-08 09:55:03',	NULL),
(376,	'OTMXS00063',	'BAN LUAR MAXXIS 70/90-17 M6230 TT',	50.00,	200000.00,	200000.00,	0.00,	NULL,	'2023-01-08',	NULL,	50,	'70/90-17',	1,	'MX',	'TUBE TYPE',	'Lorem ipsum',	'2023-01-08 09:19:25',	'2023-01-08 09:55:03',	NULL),
(377,	'OTMXS00031',	'BAN LUAR MAXXIS 70/90-17 M6239 / M6240 - ON/OFF ROAD TT',	50.00,	199000.00,	199000.00,	0.00,	NULL,	'2023-01-08',	NULL,	50,	'70/90-17',	1,	'MX',	'TUBE TYPE',	'Lorem ipsum',	'2023-01-08 09:19:25',	'2023-01-08 09:55:03',	NULL),
(378,	'OTMXS00032',	'BAN LUAR MAXXIS 70/90-17 MA-V6 TT',	50.00,	200000.00,	200000.00,	0.00,	NULL,	'2023-01-08',	NULL,	50,	'70/90-17',	1,	'MX',	'TUBE TYPE',	'Lorem ipsum',	'2023-01-08 09:19:25',	'2023-01-08 09:55:03',	NULL),
(379,	'OTMXS00033',	'BAN LUAR MAXXIS 80/80-14 DIAMOND-MA-3DN TL',	50.00,	248000.00,	248000.00,	0.00,	NULL,	'2023-01-08',	NULL,	50,	'80/80-14',	1,	'MX',	'TUBE LESS',	'Lorem ipsum',	'2023-01-08 09:19:25',	'2023-01-08 09:55:03',	NULL),
(380,	'OTMXS00034',	'BAN LUAR MAXXIS 80/80-14 GREEN DEVIL-MA-G1 TL',	50.00,	280000.00,	280000.00,	0.00,	NULL,	'2023-01-08',	NULL,	50,	'80/80-14',	1,	'MX',	'TUBE LESS',	'Lorem ipsum',	'2023-01-08 09:19:25',	'2023-01-08 09:55:03',	NULL),
(381,	'OTMXS00035',	'BAN LUAR MAXXIS 80/90-14 DIAMOND-MA-3DN TL',	50.00,	255000.00,	255000.00,	0.00,	NULL,	'2023-01-08',	NULL,	50,	'80/90-14',	1,	'MX',	'TUBE LESS',	'Lorem ipsum',	'2023-01-08 09:19:25',	'2023-01-08 09:55:03',	NULL),
(382,	'OTMXS00036',	'BAN LUAR MAXXIS 80/90-14 EXTRAMAXX-M6233W/M6234W TL',	50.00,	289000.00,	289000.00,	0.00,	NULL,	'2023-01-08',	NULL,	50,	'80/90-14',	1,	'MX',	'TUBE LESS',	'Lorem ipsum',	'2023-01-08 09:19:25',	'2023-01-08 09:55:03',	NULL),
(383,	'OTMXS00037',	'BAN LUAR MAXXIS 80/90-14 M6167H TT',	50.00,	199000.00,	199000.00,	0.00,	NULL,	'2023-01-08',	NULL,	50,	'80/90-14',	1,	'MX',	'TUBE TYPE',	'Lorem ipsum',	'2023-01-08 09:19:25',	'2023-01-08 09:55:03',	NULL),
(384,	'OTMXS00038',	'BAN LUAR MAXXIS 80/90-14 M6239 / M6240 - ON/OFF ROAD TT',	50.00,	212000.00,	212000.00,	0.00,	NULL,	'2023-01-08',	NULL,	50,	'80/90-14',	1,	'MX',	'TUBE TYPE',	'Lorem ipsum',	'2023-01-08 09:19:25',	'2023-01-08 09:55:03',	NULL),
(385,	'OTMXS00039',	'BAN LUAR MAXXIS 80/90-14 M921 TL',	50.00,	249000.00,	249000.00,	0.00,	NULL,	'2023-01-08',	NULL,	50,	'80/90-14',	1,	'MX',	'TUBE LESS',	'Lorem ipsum',	'2023-01-08 09:19:25',	'2023-01-08 09:55:03',	NULL),
(386,	'OTMXS00040',	'BAN LUAR MAXXIS 80/90-14 MA-V6 TL',	50.00,	242000.00,	242000.00,	0.00,	NULL,	'2023-01-08',	NULL,	50,	'80/90-14',	1,	'MX',	'TUBE LESS',	'Lorem ipsum',	'2023-01-08 09:19:25',	'2023-01-08 09:55:03',	NULL),
(387,	'OTMXS00041',	'BAN LUAR MAXXIS 80/90-14 VICTRA S98 ST TL',	50.00,	312000.00,	312000.00,	0.00,	NULL,	'2023-01-08',	NULL,	50,	'80/90-14',	1,	'MX',	'TUBE LESS',	'Lorem ipsum',	'2023-01-08 09:19:25',	'2023-01-08 09:55:03',	NULL),
(388,	'OTMXS00042',	'BAN LUAR MAXXIS 80/90-16 M6212 TL',	50.00,	313000.00,	313000.00,	0.00,	NULL,	'2023-01-08',	NULL,	50,	'80/90-16',	1,	'MX',	'TUBE LESS',	'Lorem ipsum',	'2023-01-08 09:19:25',	'2023-01-08 09:55:03',	NULL),
(389,	'OTMXS00047',	'BAN LUAR MAXXIS 80/90-16 M6212Y TL',	50.00,	332000.00,	332000.00,	0.00,	NULL,	'2023-01-08',	NULL,	50,	'80/90-16',	1,	'MX',	'TUBE LESS',	'Lorem ipsum',	'2023-01-08 09:19:25',	'2023-01-08 09:55:03',	NULL),
(390,	'OTMXS00064',	'BAN LUAR MAXXIS 80/90-17 M6230 TT',	50.00,	239000.00,	239000.00,	0.00,	NULL,	'2023-01-08',	NULL,	50,	'80/90-17',	1,	'MX',	'TUBE TYPE',	'Lorem ipsum',	'2023-01-08 09:19:25',	'2023-01-08 09:55:03',	NULL),
(391,	'OTMXS00043',	'BAN LUAR MAXXIS 80/90-17 M6239 / M6240 - ON/OFF ROAD TT',	50.00,	238000.00,	238000.00,	0.00,	NULL,	'2023-01-08',	NULL,	50,	'80/90-17',	1,	'MX',	'TUBE TYPE',	'Lorem ipsum',	'2023-01-08 09:19:25',	'2023-01-08 09:55:03',	NULL),
(392,	'OTMXS00044',	'BAN LUAR MAXXIS 80/90-17 MA-V6 TT',	50.00,	239000.00,	239000.00,	0.00,	NULL,	'2023-01-08',	NULL,	50,	'80/90-17',	1,	'MX',	'TUBE TYPE',	'Lorem ipsum',	'2023-01-08 09:19:25',	'2023-01-08 09:55:03',	NULL),
(393,	'OTMXS00045',	'BAN LUAR MAXXIS 90/80-14 DIAMOND-MA-3DN TL',	50.00,	304000.00,	304000.00,	0.00,	NULL,	'2023-01-08',	NULL,	50,	'90/80-14',	1,	'MX',	'TUBE LESS',	'Lorem ipsum',	'2023-01-08 09:19:25',	'2023-01-08 09:55:03',	NULL),
(394,	'OTMXS00046',	'BAN LUAR MAXXIS 90/80-14 GREEN DEVIL-MA-G1 TL',	50.00,	341000.00,	341000.00,	0.00,	NULL,	'2023-01-08',	NULL,	50,	'90/80-14',	1,	'MX',	'TUBE LESS',	'Lorem ipsum',	'2023-01-08 09:19:25',	'2023-01-08 09:55:03',	NULL),
(395,	'OTMXS00057',	'BAN LUAR MAXXIS 90/80-14 MA-R1 TL',	50.00,	496000.00,	496000.00,	0.00,	NULL,	'2023-01-08',	NULL,	50,	'90/80-14',	1,	'MX',	'TUBE LESS',	'Lorem ipsum',	'2023-01-08 09:19:25',	'2023-01-08 09:55:03',	NULL),
(396,	'OTMXS00048',	'BAN LUAR MAXXIS 90/80-17 EXTRAMAXX-M6233W/M6234W TL',	50.00,	431000.00,	431000.00,	0.00,	NULL,	'2023-01-08',	NULL,	50,	'90/80-17',	1,	'MX',	'TUBE LESS',	'Lorem ipsum',	'2023-01-08 09:19:25',	'2023-01-08 09:55:03',	NULL),
(397,	'OTMXS00060',	'BAN LUAR MAXXIS 90/80-17 GREEN DEVIL-MA-G1 TL',	50.00,	353429.00,	353429.00,	0.00,	NULL,	'2023-01-08',	NULL,	50,	'90/80-17',	1,	'MX',	'TUBE LESS',	'Lorem ipsum',	'2023-01-08 09:19:25',	'2023-01-08 09:55:03',	NULL),
(398,	'OTMXS00058',	'BAN LUAR MAXXIS 90/80-17 MA-R1 TL',	50.00,	618000.00,	618000.00,	0.00,	NULL,	'2023-01-08',	NULL,	50,	'90/80-17',	1,	'MX',	'TUBE LESS',	'Lorem ipsum',	'2023-01-08 09:19:25',	'2023-01-08 09:55:03',	NULL),
(399,	'OTMXS00049',	'BAN LUAR MAXXIS 90/90-14 DIAMOND-MA-3DN TL',	50.00,	319000.00,	319000.00,	0.00,	NULL,	'2023-01-08',	NULL,	50,	'90/90-14',	1,	'MX',	'TUBE LESS',	'Lorem ipsum',	'2023-01-08 09:19:25',	'2023-01-08 09:55:03',	NULL),
(400,	'OTMXS00050',	'BAN LUAR MAXXIS 90/90-14 EXTRAMAXX-M6233W/M6234W TL',	50.00,	342000.00,	342000.00,	0.00,	NULL,	'2023-01-08',	NULL,	50,	'90/90-14',	1,	'MX',	'TUBE LESS',	'Lorem ipsum',	'2023-01-08 09:19:25',	'2023-01-08 09:55:03',	NULL),
(401,	'OTMXS00051',	'BAN LUAR MAXXIS 90/90-14 M6167H TT',	50.00,	245000.00,	245000.00,	0.00,	NULL,	'2023-01-08',	NULL,	50,	'90/90-14',	1,	'MX',	'TUBE TYPE',	'Lorem ipsum',	'2023-01-08 09:19:25',	'2023-01-08 09:55:03',	NULL),
(402,	'OTMXS00052',	'BAN LUAR MAXXIS 90/90-14 M6239 / M6240 - ON/OFF ROAD TT',	50.00,	255000.00,	255000.00,	0.00,	NULL,	'2023-01-08',	NULL,	50,	'90/90-14',	1,	'MX',	'TUBE TYPE',	'Lorem ipsum',	'2023-01-08 09:19:25',	'2023-01-08 09:55:03',	NULL),
(403,	'OTMXS00053',	'BAN LUAR MAXXIS 90/90-14 M921 TL',	50.00,	312000.00,	312000.00,	0.00,	NULL,	'2023-01-08',	NULL,	50,	'90/90-14',	1,	'MX',	'TUBE LESS',	'Lorem ipsum',	'2023-01-08 09:19:25',	'2023-01-08 09:55:03',	NULL),
(404,	'OTMXS00054',	'BAN LUAR MAXXIS 90/90-14 MA-V6 TL',	50.00,	302000.00,	302000.00,	0.00,	NULL,	'2023-01-08',	NULL,	50,	'90/90-14',	1,	'MX',	'TUBE LESS',	'Lorem ipsum',	'2023-01-08 09:19:25',	'2023-01-08 09:55:03',	NULL),
(405,	'OTMXS00055',	'BAN LUAR MAXXIS 90/90-14 VICTRA S98 ST TL',	50.00,	386000.00,	386000.00,	0.00,	NULL,	'2023-01-08',	NULL,	50,	'90/90-14',	1,	'MX',	'TUBE LESS',	'Lorem ipsum',	'2023-01-08 09:19:25',	'2023-01-08 09:55:03',	NULL),
(406,	'OTMXS00056',	'BAN LUAR MAXXIS 90/90-17 M6239 / M6240 - ON/OFF ROAD TT',	50.00,	288000.00,	288000.00,	0.00,	NULL,	'2023-01-08',	NULL,	50,	'90/90-17',	1,	'MX',	'TUBE TYPE',	'Lorem ipsum',	'2023-01-08 09:19:25',	'2023-01-08 09:55:03',	NULL),
(407,	'OTPIR00002',	'BAN LUAR PIRELLI 100/80-17 M/CTL 52S AngCTR (ANGEL CITY) TL',	50.00,	511000.00,	511000.00,	0.00,	NULL,	'2023-01-08',	NULL,	50,	'100/80-17',	1,	'PIRELLI',	'TUBE LESS',	'Lorem ipsum',	'2023-01-08 09:19:25',	'2023-01-08 09:19:25',	NULL),
(408,	'OTPIR00005',	'BAN LUAR PIRELLI 100/80-17 M/CTL 52S DRS (DIABLO ROSSO SPORT) TL',	50.00,	605000.00,	605000.00,	0.00,	NULL,	'2023-01-08',	NULL,	50,	'100/80-17',	1,	'PIRELLI',	'TUBE LESS',	'Lorem ipsum',	'2023-01-08 09:19:25',	'2023-01-08 09:19:25',	NULL),
(409,	'OTPIR00009',	'BAN LUAR PIRELLI 110/70-17 DIABLO ROSSO CORSA II TL',	50.00,	682000.00,	682000.00,	0.00,	NULL,	'2023-01-08',	NULL,	50,	'110/70-17',	1,	'PIRELLI',	'TUBE LESS',	'Lorem ipsum',	'2023-01-08 09:19:25',	'2023-01-08 09:19:25',	NULL),
(410,	'OTPIR00006',	'BAN LUAR PIRELLI 120/70-17 M/CTL 58S DRS-R (DIABLO ROSSO SPORT) TL',	50.00,	695000.00,	695000.00,	0.00,	NULL,	'2023-01-08',	NULL,	50,	'120/70-17',	1,	'PIRELLI',	'TUBE LESS',	'Lorem ipsum',	'2023-01-08 09:19:25',	'2023-01-08 09:19:25',	NULL),
(411,	'OTPIR00003',	'BAN LUAR PIRELLI 130/70-17 M/CTL 62S AngCTR (ANGEL CITY) TL',	50.00,	693000.00,	693000.00,	0.00,	NULL,	'2023-01-08',	NULL,	50,	'130/70-17',	1,	'PIRELLI',	'TUBE LESS',	'Lorem ipsum',	'2023-01-08 09:19:25',	'2023-01-08 09:19:25',	NULL),
(412,	'OTPIR00007',	'BAN LUAR PIRELLI 130/70-17 M/CTL 62S DRS-R (DIABLO ROSSO SPORT) TL',	50.00,	845000.00,	845000.00,	0.00,	NULL,	'2023-01-08',	NULL,	50,	'130/70-17',	1,	'PIRELLI',	'TUBE LESS',	'Lorem ipsum',	'2023-01-08 09:19:25',	'2023-01-08 09:19:25',	NULL),
(413,	'OTPIR00008',	'BAN LUAR PIRELLI 140/70-17 M/CTL 66S DRS-R (DIABLO ROSSO SPORT) TL',	50.00,	985000.00,	985000.00,	0.00,	NULL,	'2023-01-08',	NULL,	50,	'140/70-17',	1,	'PIRELLI',	'TUBE LESS',	'Lorem ipsum',	'2023-01-08 09:19:25',	'2023-01-08 09:19:25',	NULL),
(414,	'OTPIR00001',	'BAN LUAR PIRELLI 90/80-17 M/CTL 46S ANGCT F/R (ANGEL CITY) TL',	50.00,	385000.00,	385000.00,	0.00,	NULL,	'2023-01-08',	NULL,	50,	'90/80-17',	1,	'PIRELLI',	'TUBE LESS',	'Lorem ipsum',	'2023-01-08 09:19:25',	'2023-01-08 09:19:25',	NULL),
(415,	'OTPIR00004',	'BAN LUAR PIRELLI 90/80-17 M/CTL 46S DRS (DIABLO ROSSO SPORT) TL',	50.00,	495000.00,	495000.00,	0.00,	NULL,	'2023-01-08',	NULL,	50,	'90/80-17',	1,	'PIRELLI',	'TUBE LESS',	'Lorem ipsum',	'2023-01-08 09:19:25',	'2023-01-08 09:19:25',	NULL),
(416,	'OTSWL00044',	'BAN LUAR SWALLOW 100/80-10 SC-103 TL',	50.00,	225000.00,	225000.00,	0.00,	NULL,	'2023-01-08',	NULL,	50,	'100/80-10',	1,	'SWL',	'TUBE LESS',	'Lorem ipsum',	'2023-01-08 09:19:25',	'2023-01-08 09:56:16',	NULL),
(417,	'OTSWL00035',	'BAN LUAR SWALLOW 100/80-14 SB-117 STREET ENDURO TL',	50.00,	317000.00,	317000.00,	0.00,	NULL,	'2023-01-08',	NULL,	50,	'100/80-14',	1,	'SWL',	'TUBE LESS',	'Lorem ipsum',	'2023-01-08 09:19:25',	'2023-01-08 09:56:16',	NULL),
(418,	'OTSWL00029',	'BAN LUAR SWALLOW 100/80-17 SB-151 SLASH TL',	50.00,	446000.00,	446000.00,	0.00,	NULL,	'2023-01-08',	NULL,	50,	'100/80-17',	1,	'SWL',	'TUBE LESS',	'Lorem ipsum',	'2023-01-08 09:19:25',	'2023-01-08 09:56:16',	NULL),
(419,	'OTSWL00001',	'BAN LUAR SWALLOW 100/90-12 SC-109F TL',	50.00,	263000.00,	263000.00,	0.00,	NULL,	'2023-01-08',	NULL,	50,	'100/90-12',	1,	'SWL',	'TUBE LESS',	'Lorem ipsum',	'2023-01-08 09:19:25',	'2023-01-08 09:56:16',	NULL),
(420,	'OTSWL00030',	'BAN LUAR SWALLOW 110/70-13 SB-151 SLASH TL',	50.00,	332000.00,	332000.00,	0.00,	NULL,	'2023-01-08',	NULL,	50,	'110/70-13',	1,	'SWL',	'TUBE LESS',	'Lorem ipsum',	'2023-01-08 09:19:25',	'2023-01-08 09:56:16',	NULL),
(421,	'OTSWL00002',	'BAN LUAR SWALLOW 110/70-13 SC-109F TL',	50.00,	298000.00,	298000.00,	0.00,	NULL,	'2023-01-08',	NULL,	50,	'110/70-13',	1,	'SWL',	'TUBE LESS',	'Lorem ipsum',	'2023-01-08 09:19:25',	'2023-01-08 09:56:16',	NULL),
(422,	'OTSWL00003',	'BAN LUAR SWALLOW 110/70-17 SB-151 SLASH TL',	50.00,	493000.00,	493000.00,	0.00,	NULL,	'2023-01-08',	NULL,	50,	'110/70-17',	1,	'SWL',	'TUBE LESS',	'Lorem ipsum',	'2023-01-08 09:19:25',	'2023-01-08 09:56:16',	NULL),
(423,	'OTSWL00004',	'BAN LUAR SWALLOW 110/80-14 SB-151 TL',	50.00,	396000.00,	396000.00,	0.00,	NULL,	'2023-01-08',	NULL,	50,	'110/80-14',	1,	'SWL',	'TUBE LESS',	'Lorem ipsum',	'2023-01-08 09:19:25',	'2023-01-08 09:56:16',	NULL),
(424,	'OTSWL00019',	'BAN LUAR SWALLOW 110/80-17 SB-151 TL',	50.00,	600000.00,	600000.00,	0.00,	NULL,	'2023-01-08',	NULL,	50,	'110/80-17',	1,	'SWL',	'TUBE LESS',	'Lorem ipsum',	'2023-01-08 09:19:25',	'2023-01-08 09:56:16',	NULL),
(425,	'OTSWL00005',	'BAN LUAR SWALLOW 110/90-12 SC-109R TL',	50.00,	291000.00,	291000.00,	0.00,	NULL,	'2023-01-08',	NULL,	50,	'110/90-12',	1,	'SWL',	'TUBE LESS',	'Lorem ipsum',	'2023-01-08 09:19:25',	'2023-01-08 09:56:16',	NULL),
(426,	'OTSWL00043',	'BAN LUAR SWALLOW 120/70-10 SC-103 TL',	50.00,	269000.00,	269000.00,	0.00,	NULL,	'2023-01-08',	NULL,	50,	'120/70-10',	1,	'SWL',	'TUBE LESS',	'Lorem ipsum',	'2023-01-08 09:19:25',	'2023-01-08 09:56:16',	NULL),
(427,	'OTSWL00026',	'BAN LUAR SWALLOW 120/70-13 SB-117 STREET ENDURO TL',	50.00,	340000.00,	340000.00,	0.00,	NULL,	'2023-01-08',	NULL,	50,	'120/70-13',	1,	'SWL',	'TUBE LESS',	'Lorem ipsum',	'2023-01-08 09:19:25',	'2023-01-08 09:56:16',	NULL),
(428,	'OTSWL00023',	'BAN LUAR SWALLOW 120/70-17 SB-151 SLASH TL',	50.00,	537000.00,	537000.00,	0.00,	NULL,	'2023-01-08',	NULL,	50,	'120/70-17',	1,	'SWL',	'TUBE LESS',	'Lorem ipsum',	'2023-01-08 09:19:25',	'2023-01-08 09:56:16',	NULL),
(429,	'OTSWL00031',	'BAN LUAR SWALLOW 130/70-13 SB-151 SLASH TL',	50.00,	415000.00,	415000.00,	0.00,	NULL,	'2023-01-08',	NULL,	50,	'130/70-13',	1,	'SWL',	'TUBE LESS',	'Lorem ipsum',	'2023-01-08 09:19:25',	'2023-01-08 09:56:16',	NULL),
(430,	'OTSWL00006',	'BAN LUAR SWALLOW 130/70-13 SC-109R TL',	50.00,	373000.00,	373000.00,	0.00,	NULL,	'2023-01-08',	NULL,	50,	'130/70-13',	1,	'SWL',	'TUBE LESS',	'Lorem ipsum',	'2023-01-08 09:19:25',	'2023-01-08 09:56:16',	NULL),
(431,	'OTSWL00007',	'BAN LUAR SWALLOW 130/70-17 SB-151 SLASH TL',	50.00,	634000.00,	634000.00,	0.00,	NULL,	'2023-01-08',	NULL,	50,	'130/70-17',	1,	'SWL',	'TUBE LESS',	'Lorem ipsum',	'2023-01-08 09:19:25',	'2023-01-08 09:56:16',	NULL),
(432,	'OTSWL00027',	'BAN LUAR SWALLOW 140/70-13 SB-117 STREET ENDURO TL',	50.00,	432000.00,	432000.00,	0.00,	NULL,	'2023-01-08',	NULL,	50,	'140/70-13',	1,	'SWL',	'TUBE LESS',	'Lorem ipsum',	'2023-01-08 09:19:25',	'2023-01-08 09:56:16',	NULL),
(433,	'OTSWL00008',	'BAN LUAR SWALLOW 140/70-14 SB-151 TL',	50.00,	506000.00,	506000.00,	0.00,	NULL,	'2023-01-08',	NULL,	50,	'140/70-14',	1,	'SWL',	'TUBE LESS',	'Lorem ipsum',	'2023-01-08 09:19:25',	'2023-01-08 09:56:16',	NULL),
(434,	'OTSWL00009',	'BAN LUAR SWALLOW 140/70-17 SB-151 SLASH TL',	50.00,	683000.00,	683000.00,	0.00,	NULL,	'2023-01-08',	NULL,	50,	'140/70-17',	1,	'SWL',	'TUBE LESS',	'Lorem ipsum',	'2023-01-08 09:19:25',	'2023-01-08 09:56:16',	NULL),
(435,	'OTSWL00032',	'BAN LUAR SWALLOW 150/60-17 SB-151 SLASH TL',	50.00,	690000.00,	690000.00,	0.00,	NULL,	'2023-01-08',	NULL,	50,	'150/60-17',	1,	'SWL',	'TUBE LESS',	'Lorem ipsum',	'2023-01-08 09:19:25',	'2023-01-08 09:56:16',	NULL),
(436,	'OTSWL00028',	'BAN LUAR SWALLOW 150/70-13 SB-117 STREET ENDURO TL',	50.00,	482000.00,	482000.00,	0.00,	NULL,	'2023-01-08',	NULL,	50,	'150/70-13',	1,	'SWL',	'TUBE LESS',	'Lorem ipsum',	'2023-01-08 09:19:25',	'2023-01-08 09:56:16',	NULL),
(437,	'OTSWL00010',	'BAN LUAR SWALLOW 250-17 TRAIL S-209A TT',	50.00,	182000.00,	182000.00,	0.00,	NULL,	'2023-01-08',	NULL,	50,	'250-17',	1,	'SWL',	'TUBE TYPE',	'Lorem ipsum',	'2023-01-08 09:19:25',	'2023-01-08 09:56:16',	NULL),
(438,	'OTSWL00011',	'BAN LUAR SWALLOW 250-17 X-CROSS SB-151 TT',	50.00,	210000.00,	210000.00,	0.00,	NULL,	'2023-01-08',	NULL,	50,	'250-17',	1,	'SWL',	'TUBE TYPE',	'Lorem ipsum',	'2023-01-08 09:19:25',	'2023-01-08 09:56:16',	NULL),
(439,	'OTSWL00038',	'BAN LUAR SWALLOW 275-17 TRAIL S-209A TT',	50.00,	228000.00,	228000.00,	0.00,	NULL,	'2023-01-08',	NULL,	50,	'275-17',	1,	'SWL',	'TUBE TYPE',	'Lorem ipsum',	'2023-01-08 09:19:25',	'2023-01-08 09:56:16',	NULL),
(440,	'OTSWL00020',	'BAN LUAR SWALLOW 275-17 X-CROSS SB-111 TT',	50.00,	245000.00,	245000.00,	0.00,	NULL,	'2023-01-08',	NULL,	50,	'275-17',	1,	'SWL',	'TUBE TYPE',	'Lorem ipsum',	'2023-01-08 09:19:25',	'2023-01-08 09:56:16',	NULL),
(441,	'OTSWL00012',	'BAN LUAR SWALLOW 300-17 X-CROSS SB-111 TT',	50.00,	320000.00,	320000.00,	0.00,	NULL,	'2023-01-08',	NULL,	50,	'300-17',	1,	'SWL',	'TUBE TYPE',	'Lorem ipsum',	'2023-01-08 09:19:25',	'2023-01-08 09:56:16',	NULL),
(442,	'OTSWL00042',	'BAN LUAR SWALLOW 350-17 CLASSIC SB-135 TT',	50.00,	395000.00,	395000.00,	0.00,	NULL,	'2023-01-08',	NULL,	50,	'350-17',	1,	'SWL',	'TUBE TYPE',	'Lorem ipsum',	'2023-01-08 09:19:25',	'2023-01-08 09:56:16',	NULL),
(443,	'OTSWL00041',	'BAN LUAR SWALLOW 400-17 CLASSIC SV-135 TT',	50.00,	447000.00,	447000.00,	0.00,	NULL,	'2023-01-08',	NULL,	50,	'400-17',	1,	'SWL',	'TUBE TYPE',	'Lorem ipsum',	'2023-01-08 09:19:25',	'2023-01-08 09:56:16',	NULL),
(444,	'OTSWL00021',	'BAN LUAR SWALLOW 50/100-14 SB-115 TT',	50.00,	131000.00,	131000.00,	0.00,	NULL,	'2023-01-08',	NULL,	50,	'50/100-14',	1,	'SWL',	'TUBE TYPE',	'Lorem ipsum',	'2023-01-08 09:19:25',	'2023-01-08 09:56:16',	NULL),
(445,	'OTSWL00024',	'BAN LUAR SWALLOW 50/90-17 SB-115 TT',	50.00,	138000.00,	138000.00,	0.00,	NULL,	'2023-01-08',	NULL,	50,	'50/90-17',	1,	'SWL',	'TUBE TYPE',	'Lorem ipsum',	'2023-01-08 09:19:25',	'2023-01-08 09:56:16',	NULL),
(446,	'OTSWL00025',	'BAN LUAR SWALLOW 60/80-17 SB-115 TT',	50.00,	156000.00,	156000.00,	0.00,	NULL,	'2023-01-08',	NULL,	50,	'60/80-17',	1,	'SWL',	'TUBE TYPE',	'Lorem ipsum',	'2023-01-08 09:19:25',	'2023-01-08 09:56:16',	NULL),
(447,	'OTSWL00013',	'BAN LUAR SWALLOW 60/90-14 SB-115 TT',	50.00,	135000.00,	135000.00,	0.00,	NULL,	'2023-01-08',	NULL,	50,	'60/90-14',	1,	'SWL',	'TUBE TYPE',	'Lorem ipsum',	'2023-01-08 09:19:25',	'2023-01-08 09:56:16',	NULL),
(448,	'OTSWL00014',	'BAN LUAR SWALLOW 70/90-14 SB-115 TT',	50.00,	156000.00,	156000.00,	0.00,	NULL,	'2023-01-08',	NULL,	50,	'70/90-14',	1,	'SWL',	'TUBE TYPE',	'Lorem ipsum',	'2023-01-08 09:19:25',	'2023-01-08 09:56:16',	NULL),
(449,	'OTSWL00039',	'BAN LUAR SWALLOW 70/90-17 SB-116 HUSKY PRO TT',	50.00,	179000.00,	179000.00,	0.00,	NULL,	'2023-01-08',	NULL,	50,	'70/90-17',	1,	'SWL',	'TUBE TYPE',	'Lorem ipsum',	'2023-01-08 09:19:25',	'2023-01-08 09:56:16',	NULL),
(450,	'OTSWL00033',	'BAN LUAR SWALLOW 80/90-14 SB-117 STREET ENDURO TL',	50.00,	227000.00,	227000.00,	0.00,	NULL,	'2023-01-08',	NULL,	50,	'80/90-14',	1,	'SWL',	'TUBE LESS',	'Lorem ipsum',	'2023-01-08 09:19:25',	'2023-01-08 09:56:16',	NULL),
(451,	'OTSWL00036',	'BAN LUAR SWALLOW 80/90-14 SB-117 STREET ENDURO TT',	50.00,	187000.00,	187000.00,	0.00,	NULL,	'2023-01-08',	NULL,	50,	'80/90-14',	1,	'SWL',	'TUBE TYPE',	'Lorem ipsum',	'2023-01-08 09:19:25',	'2023-01-08 09:56:16',	NULL),
(452,	'OTSWL00015',	'BAN LUAR SWALLOW 80/90-14 SB-151 TL',	50.00,	252000.00,	252000.00,	0.00,	NULL,	'2023-01-08',	NULL,	50,	'80/90-14',	1,	'SWL',	'TUBE LESS',	'Lorem ipsum',	'2023-01-08 09:19:25',	'2023-01-08 09:56:16',	NULL),
(453,	'OTSWL00040',	'BAN LUAR SWALLOW 80/90-17 SB-116 HUSKY PRO TT',	50.00,	226000.00,	226000.00,	0.00,	NULL,	'2023-01-08',	NULL,	50,	'80/90-17',	1,	'SWL',	'TUBE TYPE',	'Lorem ipsum',	'2023-01-08 09:19:25',	'2023-01-08 09:56:16',	NULL),
(454,	'OTSWL00016',	'BAN LUAR SWALLOW 90/80-14 SB-151 TL',	50.00,	301000.00,	301000.00,	0.00,	NULL,	'2023-01-08',	NULL,	50,	'90/80-14',	1,	'SWL',	'TUBE LESS',	'Lorem ipsum',	'2023-01-08 09:19:25',	'2023-01-08 09:56:16',	NULL),
(455,	'OTSWL00022',	'BAN LUAR SWALLOW 90/80-17 SB-151 SLASH TL',	50.00,	366000.00,	366000.00,	0.00,	NULL,	'2023-01-08',	NULL,	50,	'90/80-17',	1,	'SWL',	'TUBE LESS',	'Lorem ipsum',	'2023-01-08 09:19:25',	'2023-01-08 09:56:16',	NULL),
(456,	'OTSWL00034',	'BAN LUAR SWALLOW 90/90-14 SB-117 STREET ENDURO TL',	50.00,	270000.00,	270000.00,	0.00,	NULL,	'2023-01-08',	NULL,	50,	'90/90-14',	1,	'SWL',	'TUBE LESS',	'Lorem ipsum',	'2023-01-08 09:19:25',	'2023-01-08 09:56:16',	NULL),
(457,	'OTSWL00037',	'BAN LUAR SWALLOW 90/90-14 SB-117 STREET ENDURO TT',	50.00,	221000.00,	221000.00,	0.00,	NULL,	'2023-01-08',	NULL,	50,	'90/90-14',	1,	'SWL',	'TUBE TYPE',	'Lorem ipsum',	'2023-01-08 09:19:25',	'2023-01-08 09:56:16',	NULL),
(458,	'OTSWL00017',	'BAN LUAR SWALLOW 90/90-14 SB-151 TL',	50.00,	270000.00,	270000.00,	0.00,	NULL,	'2023-01-08',	NULL,	50,	'90/90-14',	1,	'SWL',	'TUBE LESS',	'Lorem ipsum',	'2023-01-08 09:19:25',	'2023-01-08 09:56:16',	NULL),
(459,	'OTZNS00012',	'BAN LUAR ZENEOS 100/70-17 M/C 49S ZN 62 TL',	50.00,	395000.00,	395000.00,	0.00,	NULL,	'2023-01-08',	NULL,	50,	'100/70-17',	1,	'ZENEOS',	'TUBE LESS',	'Lorem ipsum',	'2023-01-08 09:19:25',	'2023-01-08 09:19:25',	NULL),
(460,	'OTZNS00011',	'BAN LUAR ZENEOS 100/80-14 M/C 48P ZN 62 TL',	50.00,	315000.00,	315000.00,	0.00,	NULL,	'2023-01-08',	NULL,	50,	'100/80-14',	1,	'ZENEOS',	'TUBE LESS',	'Lorem ipsum',	'2023-01-08 09:19:25',	'2023-01-08 09:19:25',	NULL),
(461,	'OTZNS00001',	'BAN LUAR ZENEOS 120/70-13 MILANO ZN 87 TL',	50.00,	378000.00,	378000.00,	0.00,	NULL,	'2023-01-08',	NULL,	50,	'120/70-13',	1,	'ZENEOS',	'TUBE LESS',	'Lorem ipsum',	'2023-01-08 09:19:25',	'2023-01-08 09:19:25',	NULL),
(462,	'OTZNS00013',	'BAN LUAR ZENEOS 120/70-14 M/C 55P ZN 62 TL',	50.00,	393000.00,	393000.00,	0.00,	NULL,	'2023-01-08',	NULL,	50,	'120/70-14',	1,	'ZENEOS',	'TUBE LESS',	'Lorem ipsum',	'2023-01-08 09:19:25',	'2023-01-08 09:19:25',	NULL),
(463,	'OTZNS00009',	'BAN LUAR ZENEOS 120/70-17 M/C 58S ZN 62 TL',	50.00,	490000.00,	490000.00,	0.00,	NULL,	'2023-01-08',	NULL,	50,	'120/70-17',	1,	'ZENEOS',	'TUBE LESS',	'Lorem ipsum',	'2023-01-08 09:19:25',	'2023-01-08 09:19:25',	NULL),
(464,	'OTZNS00002',	'BAN LUAR ZENEOS 140/70-13 MILANO ZN 87 TL',	50.00,	480000.00,	480000.00,	0.00,	NULL,	'2023-01-08',	NULL,	50,	'140/70-13',	1,	'ZENEOS',	'TUBE LESS',	'Lorem ipsum',	'2023-01-08 09:19:25',	'2023-01-08 09:19:25',	NULL),
(465,	'OTZNS00014',	'BAN LUAR ZENEOS 70/90-14 M/C 34P ZN 61 TL',	50.00,	193000.00,	193000.00,	0.00,	NULL,	'2023-01-08',	NULL,	50,	'70/90-14',	1,	'ZENEOS',	'TUBE LESS',	'Lorem ipsum',	'2023-01-08 09:19:25',	'2023-01-08 09:19:25',	NULL),
(466,	'OTZNS00004',	'BAN LUAR ZENEOS 80/80-14 M/C 43P ZN 62 TL',	50.00,	220000.00,	220000.00,	0.00,	NULL,	'2023-01-08',	NULL,	50,	'80/80-14',	1,	'ZENEOS',	'TUBE LESS',	'Lorem ipsum',	'2023-01-08 09:19:25',	'2023-01-08 09:19:25',	NULL),
(467,	'OTZNS00003',	'BAN LUAR ZENEOS 80/90-14 M/C 40P ZN 61 TL',	50.00,	235000.00,	235000.00,	0.00,	NULL,	'2023-01-08',	NULL,	50,	'80/90-14',	1,	'ZENEOS',	'TUBE LESS',	'Lorem ipsum',	'2023-01-08 09:19:25',	'2023-01-08 09:19:25',	NULL),
(468,	'OTZNS00005',	'BAN LUAR ZENEOS 80/90-14 TURINO ZN 33 TL',	50.00,	250000.00,	250000.00,	0.00,	NULL,	'2023-01-08',	NULL,	50,	'80/90-14',	1,	'ZENEOS',	'TUBE LESS',	'Lorem ipsum',	'2023-01-08 09:19:25',	'2023-01-08 09:19:25',	NULL),
(469,	'OTZNS00006',	'BAN LUAR ZENEOS 90/80-14 M/C 49P ZN 62 TL',	50.00,	268000.00,	268000.00,	0.00,	NULL,	'2023-01-08',	NULL,	50,	'90/80-14',	1,	'ZENEOS',	'TUBE LESS',	'Lorem ipsum',	'2023-01-08 09:19:25',	'2023-01-08 09:19:25',	NULL),
(470,	'OTZNS00010',	'BAN LUAR ZENEOS 90/80-17 M/C 46P ZN 62 TL',	50.00,	328000.00,	328000.00,	0.00,	NULL,	'2023-01-08',	NULL,	50,	'90/80-17',	1,	'ZENEOS',	'TUBE LESS',	'Lorem ipsum',	'2023-01-08 09:19:25',	'2023-01-08 09:19:25',	NULL),
(471,	'OTZNS00007',	'BAN LUAR ZENEOS 90/90-14 M/C 46P ZN 61 TL',	50.00,	268000.00,	268000.00,	0.00,	NULL,	'2023-01-08',	NULL,	50,	'90/90-14',	1,	'ZENEOS',	'TUBE LESS',	'Lorem ipsum',	'2023-01-08 09:19:25',	'2023-01-08 09:19:25',	NULL),
(472,	'OTZNS00008',	'BAN LUAR ZENEOS 90/90-14 TURINO ZN 33 TL',	50.00,	285000.00,	285000.00,	0.00,	NULL,	'2023-01-08',	NULL,	50,	'90/90-14',	1,	'ZENEOS',	'TUBE LESS',	'Lorem ipsum',	'2023-01-08 09:19:25',	'2023-01-08 09:19:25',	NULL);

DROP TABLE IF EXISTS `tblbanukuranring`;
CREATE TABLE `tblbanukuranring` (
  `id` varchar(20) NOT NULL,
  `id_ring_ban` int NOT NULL,
  `id_ukuran_ban` varchar(100) NOT NULL,
  PRIMARY KEY (`id`),
  KEY `id_ukuran_ban` (`id_ukuran_ban`),
  KEY `id_ring_ban` (`id_ring_ban`)
) ENGINE=MyISAM DEFAULT CHARSET=latin1;

INSERT INTO `tblbanukuranring` (`id`, `id_ring_ban`, `id_ukuran_ban`) VALUES
('100/70-14',	14,	'100/70'),
('100/70-17',	17,	'100/70'),
('100/80-14',	14,	'100/80'),
('100/80-17',	17,	'100/80'),
('100/80-18',	18,	'100/80'),
('100/90-12',	12,	'100/90'),
('100/90-14',	14,	'100/90'),
('100/90-17',	17,	'100/90'),
('100/90-18',	18,	'100/90'),
('110/70-13',	13,	'110/70'),
('110/70-14',	14,	'110/70'),
('110/70-17',	17,	'110/70'),
('110/80-14',	14,	'110/80'),
('110/80-17',	17,	'110/80'),
('110/90-12',	12,	'110/90'),
('120/60-17',	17,	'120/60'),
('120/70-13',	13,	'120/70'),
('120/70-14',	14,	'120/70'),
('120/70-15',	15,	'120/70'),
('120/70-17',	17,	'120/70'),
('120/80-14',	14,	'120/80'),
('120/80-17',	17,	'120/80'),
('120/80-18',	18,	'120/80'),
('130/70-13',	13,	'130/70'),
('130/70-14',	14,	'130/70'),
('130/70-17',	17,	'130/70'),
('130/80-17',	17,	'130/80'),
('140/70-13',	13,	'140/70'),
('140/70-14',	14,	'140/70'),
('140/70-17',	17,	'140/70'),
('150/60-14',	14,	'150/60'),
('150/60-17',	17,	'150/60'),
('150/70-13',	13,	'150/70'),
('150/70-14',	14,	'150/70'),
('150/70-17',	17,	'150/70'),
('160/60-15',	15,	'160/60'),
('160/70-17',	17,	'160/70'),
('225-17',	17,	'225'),
('250-17',	17,	'250'),
('250-18',	18,	'250'),
('275-17',	17,	'275'),
('275-18',	18,	'275'),
('275-19',	19,	'275'),
('275-21',	21,	'275'),
('300-10',	10,	'300'),
('300-17',	17,	'300'),
('300-18',	18,	'300'),
('325-18',	18,	'325'),
('350-10',	10,	'350'),
('350-18',	18,	'350'),
('350-8',	8,	'350'),
('410-18',	18,	'410'),
('60/100-17',	17,	'60/100'),
('60/80-17',	17,	'60/80'),
('60/90-17',	17,	'60/90'),
('70/100-19',	19,	'70/100'),
('70/80-14',	14,	'70/80'),
('70/80-17',	17,	'70/80'),
('70/90-14',	14,	'70/90'),
('70/90-16',	16,	'70/90'),
('70/90-17',	17,	'70/90'),
('80/100-17',	17,	'80/100'),
('80/100-18',	18,	'80/100'),
('80/80-14',	14,	'80/80'),
('80/80-16',	16,	'80/80'),
('80/80-17',	17,	'80/80'),
('80/90-14',	14,	'80/90'),
('80/90-16',	16,	'80/90'),
('80/90-17',	17,	'80/90'),
('80/90-18',	18,	'80/90'),
('90/100-16',	16,	'90/100'),
('90/80-14',	14,	'90/80'),
('90/80-16',	16,	'90/80'),
('90/80-17',	17,	'90/80'),
('90/90-14',	14,	'90/90'),
('90/90-17',	17,	'90/90'),
('90/90-18',	18,	'90/90');

DROP TABLE IF EXISTS `tblkategorimotor`;
CREATE TABLE `tblkategorimotor` (
  `id` int NOT NULL AUTO_INCREMENT,
  `nama` varchar(30) NOT NULL,
  `icon` varchar(50) NOT NULL,
  PRIMARY KEY (`id`)
) ENGINE=MyISAM DEFAULT CHARSET=latin1;

INSERT INTO `tblkategorimotor` (`id`, `nama`, `icon`) VALUES
(1,	'Motor Bebek',	'motor-bebek.png'),
(2,	'Motor Matic',	'motor-matic.png'),
(3,	'Motor Matic >125',	'motor-matic-125.png'),
(4,	'Motor Sport',	'motor-sport.png'),
(5,	'Motor Trail',	'motor-trail.png');

SET NAMES utf8mb4;

DROP TABLE IF EXISTS `tblmasterhadiahmember`;
CREATE TABLE `tblmasterhadiahmember` (
  `KdItem` varchar(50) NOT NULL,
  `NamaItem` varchar(150) NOT NULL,
  `NilaiPoin` decimal(18,2) NOT NULL,
  `Keterangan` varchar(150) NOT NULL,
  `Status` varchar(2) NOT NULL
) ENGINE=InnoDB DEFAULT CHARSET=utf8mb4 COLLATE=utf8mb4_general_ci;

INSERT INTO `tblmasterhadiahmember` (`KdItem`, `NamaItem`, `NilaiPoin`, `Keterangan`, `Status`) VALUES
('001',	'PAYUNG CANTIK',	50.00,	'-',	'A'),
('002',	'MANGKOK SEDANG',	15.00,	'-',	'A'),
('001',	'PAYUNG CANTIK',	50.00,	'-',	'A'),
('002',	'MANGKOK SEDANG',	15.00,	'-',	'A');

DROP TABLE IF EXISTS `tblmasterjenismotor`;
CREATE TABLE `tblmasterjenismotor` (
  `IDJenisMotor` int NOT NULL AUTO_INCREMENT,
  `JenisMotor` varchar(145) NOT NULL,
  PRIMARY KEY (`IDJenisMotor`)
) ENGINE=InnoDB DEFAULT CHARSET=utf8mb4 COLLATE=utf8mb4_general_ci;

INSERT INTO `tblmasterjenismotor` (`IDJenisMotor`, `JenisMotor`) VALUES
(1,	'BEBEK'),
(2,	'SPORT'),
(3,	'MATIC'),
(4,	'MOPED');

DROP TABLE IF EXISTS `tblmasterringban`;
CREATE TABLE `tblmasterringban` (
  `IDRing` int NOT NULL AUTO_INCREMENT,
  `UkuranRing` varchar(45) NOT NULL,
  `ranking` tinyint NOT NULL,
  PRIMARY KEY (`IDRing`)
) ENGINE=MyISAM DEFAULT CHARSET=latin1;

INSERT INTO `tblmasterringban` (`IDRing`, `UkuranRing`, `ranking`) VALUES
(8,	'RING 8',	1),
(10,	'RING 10',	2),
(11,	'Ring 11',	3),
(12,	'RING 12',	4),
(13,	'RING 13',	5),
(14,	'RING 14',	6),
(15,	'RING 15',	7),
(16,	'RING 16',	8),
(17,	'RING 17',	9),
(18,	'RING 18',	10),
(19,	'RING 19',	11),
(21,	'RING 21',	12),
(22,	'RING 22',	99);

DROP TABLE IF EXISTS `tblmasterukuranban`;
CREATE TABLE `tblmasterukuranban` (
  `IDUkuranBan` varchar(100) NOT NULL,
  PRIMARY KEY (`IDUkuranBan`)
) ENGINE=MyISAM DEFAULT CHARSET=latin1;

INSERT INTO `tblmasterukuranban` (`IDUkuranBan`) VALUES
('100/70'),
('100/80'),
('100/90'),
('110/70'),
('110/80'),
('110/90'),
('120/60'),
('120/70'),
('120/80'),
('120/90'),
('130/70'),
('130/80'),
('130/90'),
('140/70'),
('140/80'),
('140/90'),
('150/60'),
('150/70'),
('150/80'),
('150/90'),
('160/60'),
('160/70'),
('160/80'),
('225'),
('250'),
('275'),
('300'),
('325'),
('350'),
('410'),
('50/90'),
('60/100'),
('60/80'),
('60/90'),
('70/100'),
('70/80'),
('70/90'),
('80/100'),
('80/80'),
('80/90'),
('90/100'),
('90/80'),
('90/90');

DROP TABLE IF EXISTS `tblmerkban`;
CREATE TABLE `tblmerkban` (
  `IDMerk` varchar(15) NOT NULL,
  `Merk` varchar(150) NOT NULL,
  `Icon` varchar(20) NOT NULL DEFAULT 'ahm.png',
  `Ranking` int DEFAULT NULL,
  PRIMARY KEY (`IDMerk`)
) ENGINE=MyISAM DEFAULT CHARSET=latin1;

INSERT INTO `tblmerkban` (`IDMerk`, `Merk`, `Icon`, `Ranking`) VALUES
('MX',	'MAXXIS',	'maxxis.png',	3),
('KL',	'KINGLAND',	'kingland.png',	2),
('IRC',	'IRC',	'irc.png',	1),
('FDR',	'FDR',	'fdr.png',	4),
('CS',	'CORSA',	'corsa.png',	5),
('AHM',	'FEDERAL(AHM)',	'ahm.png',	5),
('MC',	'MICHELIN',	'michelin.png',	5),
('MZ',	'MIZZLE',	'mizzle.png',	5),
('PX',	'PRIMAAX',	'primaax.png',	5),
('SWL',	'SWALLOW',	'swl.png',	99),
('PIRELLI',	'PIRELLI',	'pirelli.png',	12),
('ZENEOS',	'ZENEOS',	'zeneos.png',	13);

DROP TABLE IF EXISTS `tblmerkmotor`;
CREATE TABLE `tblmerkmotor` (
  `id` int NOT NULL AUTO_INCREMENT,
  `nama` varchar(20) NOT NULL,
  `icon` varchar(20) NOT NULL,
  PRIMARY KEY (`id`)
) ENGINE=MyISAM DEFAULT CHARSET=latin1;

INSERT INTO `tblmerkmotor` (`id`, `nama`, `icon`) VALUES
(1,	'Bajaj',	'pic-2606331855.png'),
(2,	'Honda',	'pic-552066806.png'),
(3,	'Kawasaki',	'pic-2207818245.png'),
(4,	'KTM',	'pic-3809821700.png'),
(5,	'Suzuki',	'suzuki-v1.png'),
(6,	'TVS',	'pic-564350417.png'),
(7,	'Vespa',	'pic-3135755161.png'),
(8,	'Viar',	'pic-3545557725.png'),
(9,	'Yamaha',	'pic-3860285137.png');

DROP TABLE IF EXISTS `tblmotor`;
CREATE TABLE `tblmotor` (
  `id` int NOT NULL AUTO_INCREMENT,
  `nama` varchar(50) NOT NULL,
  `id_merk_motor` int NOT NULL,
  `id_kategori_motor` int NOT NULL,
  `icon` varchar(50) NOT NULL,
  `ranking` smallint NOT NULL DEFAULT '99',
  PRIMARY KEY (`id`),
  KEY `id_merk_motor` (`id_merk_motor`),
  KEY `id_kategori_motor` (`id_kategori_motor`)
) ENGINE=MyISAM DEFAULT CHARSET=latin1;

INSERT INTO `tblmotor` (`id`, `nama`, `id_merk_motor`, `id_kategori_motor`, `icon`, `ranking`) VALUES
(3,	'Honda Blade',	2,	1,	'default.png',	99),
(4,	'Honda CS 1',	2,	1,	'default.png',	99),
(5,	'Honda Revo',	2,	1,	'default.png',	99),
(6,	'Honda Revo FIT',	2,	1,	'default.png',	99),
(7,	'Honda Revo X',	2,	1,	'default.png',	99),
(8,	'Honda Sonic 150',	2,	1,	'default.png',	99),
(9,	'Honda Supra GTR150',	2,	1,	'default.png',	99),
(10,	'Honda Supra X 125',	2,	1,	'honda-supra-125.png',	8),
(11,	'Honda Supra X 125 Helm-In',	2,	1,	'default.png',	99),
(12,	'Kawasaki Athlete',	3,	1,	'default.png',	99),
(13,	'Kawasaki Blitz R',	3,	1,	'default.png',	99),
(14,	'Kawasaki Edge',	3,	1,	'default.png',	99),
(15,	'Kawasaki Kaze X',	3,	1,	'default.png',	99),
(16,	'Kawasaki Kaze ZV',	3,	1,	'default.png',	99),
(17,	'Kawasaki Kaze ZX 130',	3,	1,	'default.png',	99),
(18,	'KTM Power MX',	4,	1,	'default.png',	99),
(19,	'KTM Power ZR',	4,	1,	'default.png',	99),
(20,	'Suzuki Arashi 150',	5,	1,	'pic-1983640951.png',	99),
(21,	'Suzuki Satria FU',	5,	1,	'default.png',	99),
(22,	'Suzuki Shogun',	5,	1,	'default.png',	99),
(23,	'Suzuki Smash',	5,	1,	'default.png',	99),
(24,	'TVS Neo SR',	6,	1,	'default.png',	99),
(25,	'TVS Rock Z',	6,	1,	'default.png',	99),
(26,	'TVS Tormax',	6,	1,	'default.png',	99),
(27,	'Viar Star CX',	8,	1,	'default.png',	99),
(28,	'Viar Star MX',	8,	1,	'default.png',	99),
(29,	'Viar Star Z',	8,	1,	'default.png',	99),
(30,	'Viar V100',	8,	1,	'default.png',	99),
(31,	'Yamaha Jupiter MX',	9,	1,	'default.png',	99),
(32,	'Yamaha Jupiter MX 150',	9,	1,	'default.png',	99),
(33,	'Yamaha Jupiter Z',	9,	1,	'default.png',	99),
(34,	'Yamaha Jupiter Z1',	9,	1,	'default.png',	99),
(35,	'Yamaha Vega',	9,	1,	'default.png',	99),
(36,	'Honda All New Scoopy',	2,	2,	'default.png',	99),
(37,	'Honda Beat Pop',	2,	2,	'default.png',	99),
(38,	'Honda Beat Sporty',	2,	2,	'honda-beat.png',	1),
(39,	'Honda Beat Street',	2,	2,	'default.png',	99),
(40,	'Honda Spacy',	2,	2,	'default.png',	99),
(41,	'Honda Vario 110',	2,	2,	'honda-vario-125.png',	4),
(42,	'Honda Vario 125',	2,	2,	'honda-vario-125.png',	2),
(43,	'Suzuki Adress',	5,	2,	'default.png',	99),
(44,	'Suzuki Hayate',	5,	2,	'default.png',	99),
(45,	'Suzuki Lets',	5,	2,	'default.png',	99),
(46,	'Suzuki Nex',	5,	2,	'default.png',	99),
(47,	'Suzuki Sky Drive',	5,	2,	'default.png',	99),
(48,	'Suzuki Sky Wave',	5,	2,	'default.png',	99),
(49,	'Suzuki Spin',	5,	2,	'default.png',	99),
(50,	'TVS Dazz',	6,	2,	'default.png',	99),
(51,	'Vespa 946',	7,	2,	'default.png',	99),
(52,	'Vespa GTS I-GET 150',	7,	2,	'default.png',	99),
(53,	'Vespa GTS I-GET 300',	7,	2,	'default.png',	99),
(54,	'Vespa GTS SUPERSPORT 300',	7,	2,	'default.png',	99),
(55,	'Vespa Sprint I-GET 150',	7,	2,	'default.png',	99),
(56,	'Yamaha Aerox 125',	9,	2,	'default.png',	99),
(57,	'Yamaha Fino',	9,	2,	'default.png',	99),
(58,	'Yamaha Mio',	9,	2,	'yamaha-mio.png',	7),
(59,	'Yamaha Mio M3',	9,	2,	'default.png',	99),
(60,	'Yamaha Mio S',	9,	2,	'default.png',	99),
(61,	'Yamaha Mio Z',	9,	2,	'default.png',	99),
(62,	'Yamaha Soul',	9,	2,	'default.png',	99),
(63,	'Yamaha Soul GT',	9,	2,	'yamaha-soul-gt.png',	5),
(64,	'Yamaha Xeon',	9,	2,	'default.png',	99),
(65,	'Yamaha Xeon RC',	9,	2,	'default.png',	99),
(66,	'Yamaha X-Ride',	9,	2,	'default.png',	99),
(67,	'Honda PCX',	2,	3,	'default.png',	99),
(68,	'Honda Vario 150',	2,	3,	'honda-vario-150.png',	3),
(69,	'Yamaha Aerox 155',	9,	3,	'default.png',	99),
(70,	'Yamaha N-MAX',	9,	3,	'yamaha-nmax.png',	6),
(71,	'Yamaha T-MAX',	9,	3,	'default.png',	99),
(72,	'Yamaha X-MAX (Front)',	9,	3,	'default.png',	99),
(73,	'Yamaha X-MAX (Rear)',	9,	3,	'default.png',	99),
(74,	'Bajaj Pulsar 200NS',	1,	4,	'default.png',	99),
(75,	'Bajaj Pulsar RS200',	1,	4,	'default.png',	99),
(76,	'Honda CB 150R',	2,	4,	'default.png',	99),
(77,	'Honda CB 150R Streetfire',	2,	4,	'default.png',	99),
(78,	'Honda CB500F',	2,	4,	'default.png',	99),
(79,	'Honda CB500X (Front)',	2,	4,	'default.png',	99),
(80,	'Honda CB500X (Rear)',	2,	4,	'default.png',	99),
(81,	'Honda CBR 150',	2,	4,	'default.png',	99),
(82,	'Honda CBR 250R',	2,	4,	'default.png',	99),
(83,	'Honda CBR 250RR',	2,	4,	'default.png',	99),
(84,	'Honda Mega PRO FI',	2,	4,	'default.png',	99),
(85,	'Honda Mega PRO Karbu',	2,	4,	'default.png',	99),
(86,	'Honda Verza',	2,	4,	'default.png',	99),
(87,	'Honda Verza CW',	2,	4,	'default.png',	99),
(88,	'Kawasaki Ninja 250',	3,	4,	'default.png',	99),
(89,	'Kawasaki Ninja 300',	3,	4,	'default.png',	99),
(90,	'Kawasaki Ninja 650',	3,	4,	'default.png',	99),
(91,	'Kawasaki Ninja ER 6N',	3,	4,	'default.png',	99),
(92,	'Kawasaki Ninja R 150 (Front)',	3,	4,	'default.png',	99),
(93,	'Kawasaki Ninja R 150 (Rear)',	3,	4,	'default.png',	99),
(94,	'Kawasaki Ninja RR 150',	3,	4,	'default.png',	99),
(95,	'Kawasaki Ninja RR 250',	3,	4,	'default.png',	99),
(96,	'Kawasaki W 175',	3,	4,	'default.png',	99),
(97,	'Kawasaki Z250',	3,	4,	'default.png',	99),
(98,	'Kawasaki Z250SL',	3,	4,	'default.png',	99),
(99,	'Kawasaki Z650',	3,	4,	'default.png',	99),
(100,	'Kawasaki Z800',	3,	4,	'default.png',	99),
(101,	'Kawasaki Z900',	3,	4,	'default.png',	99),
(102,	'Kawasaki Z900RS',	3,	4,	'default.png',	99),
(103,	'Kawasaki ZX-6R 636',	3,	4,	'default.png',	99),
(104,	'KTM Duke 200',	4,	4,	'default.png',	99),
(105,	'KTM Duke 250',	4,	4,	'default.png',	99),
(106,	'KTM Duke 390',	4,	4,	'default.png',	99),
(107,	'KTM RC 200',	4,	4,	'default.png',	99),
(108,	'KTM RC 250',	4,	4,	'default.png',	99),
(109,	'KTM RC 390',	4,	4,	'default.png',	99),
(110,	'Suzuki GSX R150',	5,	4,	'default.png',	99),
(111,	'Suzuki Thunder',	5,	4,	'default.png',	99),
(112,	'Yamaha Byson',	9,	4,	'default.png',	99),
(113,	'Yamaha Byson FI',	9,	4,	'default.png',	99),
(114,	'Yamaha MT-09',	9,	4,	'default.png',	99),
(115,	'Yamaha MT-25',	9,	4,	'default.png',	99),
(116,	'Yamaha New Vixion',	9,	4,	'default.png',	99),
(117,	'Yamaha R15',	9,	4,	'default.png',	99),
(118,	'Yamaha R25',	9,	4,	'default.png',	99),
(119,	'Yamaha R6',	9,	4,	'default.png',	99),
(120,	'Yamaha Scorpio',	9,	4,	'default.png',	99),
(121,	'Yamaha Vixion',	9,	4,	'default.png',	99),
(122,	'Yamaha Vixion R',	9,	4,	'default.png',	99),
(123,	'Yamaha Xabre',	9,	4,	'default.png',	99),
(124,	'Honda CRF 150 (Front)',	2,	5,	'default.png',	99),
(125,	'Honda CRF 150 (Rear)',	2,	5,	'default.png',	99),
(126,	'Honda CRF 2000L Africa Twin (Front)',	2,	5,	'default.png',	99),
(127,	'Honda CRF 2000L Africa Twin (Rear)',	2,	5,	'default.png',	99),
(128,	'Honda CRF 250 (Front)',	2,	5,	'default.png',	99),
(129,	'Honda CRF 250 (Rear)',	2,	5,	'default.png',	99),
(130,	'Honda CRF 250 Rally (Front)',	2,	5,	'default.png',	99),
(131,	'Honda CRF 250 Rally (Rear)',	2,	5,	'default.png',	99),
(132,	'Kawasaki KLX 150 (Front)',	3,	5,	'default.png',	99),
(133,	'Kawasaki KLX 150 (Rear)',	3,	5,	'default.png',	99),
(134,	'Kawasaki KLX 150 BF (Front)',	3,	5,	'default.png',	99),
(135,	'Kawasaki KLX 150 BF (Rear)',	3,	5,	'default.png',	99),
(136,	'Kawasaki KLX 250 (Front)',	3,	5,	'default.png',	99),
(137,	'Kawasaki KLX 250 (Rear)',	3,	5,	'default.png',	99),
(138,	'Suzuki RM-Z250',	5,	5,	'default.png',	99),
(139,	'Suzuki RM-Z450',	5,	5,	'default.png',	99),
(140,	'Yamaha TT-R125LE',	9,	5,	'default.png',	99),
(141,	'Yamaha WR250F',	9,	5,	'default.png',	99),
(142,	'Yamaha WR250R',	9,	5,	'default.png',	99),
(143,	'Yamaha YZ250F',	9,	5,	'default.png',	99);

DROP TABLE IF EXISTS `tblposisiban`;
CREATE TABLE `tblposisiban` (
  `IDPosisi` int NOT NULL AUTO_INCREMENT,
  `Posisi` varchar(45) NOT NULL,
  PRIMARY KEY (`IDPosisi`)
) ENGINE=MyISAM DEFAULT CHARSET=latin1;

INSERT INTO `tblposisiban` (`IDPosisi`, `Posisi`) VALUES
(1,	'UNIVERSAL'),
(2,	'DEPAN'),
(3,	'BELAKANG');




DROP TABLE IF EXISTS `tbltransaksihead`;
CREATE TABLE `tbltransaksihead` (
  `NoFaktur` varchar(50) NOT NULL,
  `Discount` decimal(18,2) DEFAULT '0.00',
  `JumlahBayar` decimal(18,2) NOT NULL DEFAULT '0.00',
  `Tagihan` decimal(18,2) NOT NULL COMMENT 'use this for payment',
  `Kembali` decimal(21,2) NOT NULL DEFAULT '0.00',
  `TglTrans` date NOT NULL,
  `NoRef` varchar(150) DEFAULT NULL,
  `CreateBy` varchar(150) DEFAULT NULL,
  `KodeKomp` varchar(50) DEFAULT NULL,
  `Pending` varchar(4) DEFAULT 'N',
  `IdOutlet` bigint NOT NULL DEFAULT '1',
  `TipeTransaksi` enum('Booking Outlet','Kirim Barang') NOT NULL DEFAULT 'Booking Outlet',
  `StatusTransaksi` enum('Diproses','Selesai','Menunggu Pembayaran','Menunggu Dipasang','Pesanan Dibatalkan','Berhasil') NOT NULL DEFAULT 'Menunggu Pembayaran',
  `StatusPembayaran` enum('Lunas','Belum Lunas') NOT NULL DEFAULT 'Belum Lunas',
  `MetodePembayaran` varchar(50) CHARACTER SET latin1 COLLATE latin1_swedish_ci NOT NULL,
  `JadwalPemasangan` enum('08:00','09:00','10:00','11:00','12:00','13:00','14:00','15:00','16:00','17:00','18:00','19:00') NOT NULL,
  `CustomerId` bigint NOT NULL,
  `Catatan` varchar(50) CHARACTER SET latin1 COLLATE latin1_swedish_ci NOT NULL,
  `Source` enum('APP','OFFLINE') NOT NULL DEFAULT 'OFFLINE',
  `CreateDate` timestamp NOT NULL DEFAULT CURRENT_TIMESTAMP,
  `UpdatedAt` timestamp NOT NULL DEFAULT CURRENT_TIMESTAMP ON UPDATE CURRENT_TIMESTAMP,
  `PaymentDue` datetime NOT NULL DEFAULT CURRENT_TIMESTAMP,
  `VirtualAccount` varchar(100) DEFAULT NULL,
  PRIMARY KEY (`NoFaktur`),
  KEY `CustomerId` (`CustomerId`),
  KEY `fk_transaksi_head2` (`MetodePembayaran`),
  CONSTRAINT `fk_transaksi_head1` FOREIGN KEY (`CustomerId`) REFERENCES `customers` (`id`),
  CONSTRAINT `fk_transaksi_head2` FOREIGN KEY (`MetodePembayaran`) REFERENCES `payment_method` (`id`)
) ENGINE=InnoDB DEFAULT CHARSET=utf8mb4 COLLATE=utf8mb4_general_ci;

DROP TABLE IF EXISTS `tbltransaksidetail`;
CREATE TABLE `tbltransaksidetail` (
  `NoFaktur` varchar(50) CHARACTER SET utf8mb4 COLLATE utf8mb4_general_ci NOT NULL,
  `IdBarang` bigint NOT NULL,
  `QtyItem` int NOT NULL,
  `HargaSatuan` decimal(18,2) NOT NULL,
  `Total` decimal(37,4) DEFAULT NULL,
  KEY `NoFaktur` (`NoFaktur`),
  KEY `IdBarang` (`IdBarang`),
  CONSTRAINT `fk_transaksi_barang` FOREIGN KEY (`IdBarang`) REFERENCES `products` (`KodePLU`),
  CONSTRAINT `fk_transaksi_head` FOREIGN KEY (`NoFaktur`) REFERENCES `tbltransaksihead` (`NoFaktur`)
) ENGINE=InnoDB DEFAULT CHARSET=latin1;


DROP TABLE IF EXISTS `tblurlgambar`;
CREATE TABLE `tblurlgambar` (
  `IDImg` bigint NOT NULL AUTO_INCREMENT,
  `KodeBarang` varchar(50) NOT NULL,
  `URL` varchar(250) NOT NULL,
  `isDisplay` tinyint(1) NOT NULL DEFAULT '0',
  `CreatedAt` timestamp NOT NULL DEFAULT CURRENT_TIMESTAMP,
  `DeletedAt` timestamp NULL DEFAULT NULL,
  PRIMARY KEY (`IDImg`)
) ENGINE=InnoDB DEFAULT CHARSET=utf8mb4 COLLATE=utf8mb4_general_ci;

INSERT INTO `tblurlgambar` (`IDImg`, `KodeBarang`, `URL`, `isDisplay`, `CreatedAt`, `DeletedAt`) VALUES
(36,	'OTAHM00003',	'product2.png',	1,	'2023-01-08 10:15:18',	NULL),
(37,	'OTAHM00004',	'product1.png',	1,	'2023-01-08 10:15:18',	NULL),
(38,	'OTAHM00005',	'product2.png',	1,	'2023-01-08 10:15:18',	NULL),
(39,	'OTAHM00008',	'product1.png',	1,	'2023-01-08 10:15:18',	NULL),
(40,	'OTAHM00009',	'product2.png',	1,	'2023-01-08 10:15:18',	NULL),
(41,	'OTAHM00010',	'product1.png',	1,	'2023-01-08 10:15:18',	NULL),
(42,	'OTAHM00011',	'product2.png',	1,	'2023-01-08 10:15:18',	NULL),
(43,	'OTAHM00012',	'product1.png',	1,	'2023-01-08 10:15:18',	NULL),
(44,	'OTAHM00013',	'product2.png',	1,	'2023-01-08 10:15:18',	NULL),
(45,	'OTAHM00014',	'product1.png',	1,	'2023-01-08 10:15:18',	NULL),
(46,	'OTFDR00004',	'product2.png',	1,	'2023-01-08 10:15:18',	NULL),
(47,	'OTFDR00005',	'product1.png',	1,	'2023-01-08 10:15:18',	NULL),
(48,	'OTFDR00007',	'product2.png',	1,	'2023-01-08 10:15:18',	NULL),
(49,	'OTFDR00008',	'product1.png',	1,	'2023-01-08 10:15:18',	NULL),
(50,	'OTFDR00009',	'product2.png',	1,	'2023-01-08 10:15:18',	NULL),
(51,	'OTFDR00013',	'product1.png',	1,	'2023-01-08 10:15:18',	NULL),
(52,	'OTFDR00014',	'product2.png',	1,	'2023-01-08 10:15:18',	NULL),
(53,	'OTFDR00017',	'product1.png',	1,	'2023-01-08 10:15:18',	NULL),
(54,	'OTFDR00021',	'product2.png',	1,	'2023-01-08 10:15:18',	NULL),
(55,	'OTFDR00023',	'product1.png',	1,	'2023-01-08 10:15:18',	NULL),
(56,	'OTFDR00025',	'product2.png',	1,	'2023-01-08 10:15:18',	NULL),
(57,	'OTFDR00028',	'product1.png',	1,	'2023-01-08 10:15:18',	NULL),
(58,	'OTFDR00031',	'product2.png',	1,	'2023-01-08 10:15:18',	NULL),
(59,	'OTFDR00032',	'product1.png',	1,	'2023-01-08 10:15:18',	NULL),
(60,	'OTFDR00035',	'product2.png',	1,	'2023-01-08 10:15:18',	NULL),
(61,	'OTFDR00036',	'product1.png',	1,	'2023-01-08 10:15:18',	NULL),
(62,	'OTFDR00038',	'product2.png',	1,	'2023-01-08 10:15:18',	NULL),
(63,	'OTFDR00039',	'product1.png',	1,	'2023-01-08 10:15:18',	NULL),
(64,	'OTFDR00040',	'product2.png',	1,	'2023-01-08 10:15:18',	NULL),
(65,	'OTFDR00041',	'product1.png',	1,	'2023-01-08 10:15:18',	NULL),
(66,	'OTFDR00044',	'product2.png',	1,	'2023-01-08 10:15:18',	NULL),
(67,	'OTFDR00045',	'product1.png',	1,	'2023-01-08 10:15:18',	NULL),
(68,	'OTFDR00047',	'product2.png',	1,	'2023-01-08 10:15:18',	NULL),
(69,	'OTFDR00050',	'product1.png',	1,	'2023-01-08 10:15:18',	NULL),
(70,	'OTFDR00051',	'product2.png',	1,	'2023-01-08 10:15:18',	NULL),
(71,	'OTFDR00052',	'product1.png',	1,	'2023-01-08 10:15:18',	NULL),
(72,	'OTFDR00054',	'product2.png',	1,	'2023-01-08 10:15:18',	NULL),
(73,	'OTFDR00055',	'product1.png',	1,	'2023-01-08 10:15:18',	NULL),
(74,	'OTFDR00057',	'product2.png',	1,	'2023-01-08 10:15:18',	NULL),
(75,	'OTFDR00058',	'product1.png',	1,	'2023-01-08 10:15:18',	NULL),
(76,	'OTFDR00059',	'product2.png',	1,	'2023-01-08 10:15:18',	NULL),
(77,	'OTFDR00060',	'product1.png',	1,	'2023-01-08 10:15:18',	NULL),
(78,	'OTFDR00061',	'product2.png',	1,	'2023-01-08 10:15:18',	NULL),
(79,	'OTFDR00062',	'product1.png',	1,	'2023-01-08 10:15:18',	NULL),
(80,	'OTFDR00063',	'product2.png',	1,	'2023-01-08 10:15:18',	NULL),
(81,	'OTFDR00064',	'product1.png',	1,	'2023-01-08 10:15:18',	NULL),
(82,	'OTFDR00065',	'product2.png',	1,	'2023-01-08 10:15:18',	NULL),
(83,	'OTFDR00066',	'product1.png',	1,	'2023-01-08 10:15:18',	NULL),
(84,	'OTFDR00067',	'product2.png',	1,	'2023-01-08 10:15:18',	NULL),
(85,	'OTFDR00068',	'product1.png',	1,	'2023-01-08 10:15:18',	NULL),
(86,	'OTFDR00069',	'product2.png',	1,	'2023-01-08 10:15:43',	NULL),
(87,	'OTFDR00070',	'product1.png',	1,	'2023-01-08 10:15:43',	NULL),
(88,	'OTFDR00071',	'product2.png',	1,	'2023-01-08 10:15:43',	NULL),
(89,	'OTFDR00072',	'product1.png',	1,	'2023-01-08 10:15:43',	NULL),
(90,	'OTFDR00073',	'product2.png',	1,	'2023-01-08 10:15:43',	NULL),
(91,	'OTFDR00074',	'product1.png',	1,	'2023-01-08 10:15:43',	NULL),
(92,	'OTFDR00075',	'product2.png',	1,	'2023-01-08 10:15:43',	NULL),
(93,	'OTFDR00076',	'product1.png',	1,	'2023-01-08 10:15:43',	NULL),
(94,	'OTFDR00077',	'product2.png',	1,	'2023-01-08 10:15:43',	NULL),
(95,	'OTFDR00079',	'product1.png',	1,	'2023-01-08 10:15:43',	NULL),
(96,	'OTIRC00003',	'product2.png',	1,	'2023-01-08 10:15:43',	NULL),
(97,	'OTIRC00004',	'product1.png',	1,	'2023-01-08 10:15:43',	NULL),
(98,	'OTIRC00005',	'product2.png',	1,	'2023-01-08 10:15:43',	NULL),
(99,	'OTIRC00006',	'product1.png',	1,	'2023-01-08 10:15:43',	NULL),
(100,	'OTIRC00007',	'product2.png',	1,	'2023-01-08 10:15:43',	NULL),
(101,	'OTIRC00008',	'product1.png',	1,	'2023-01-08 10:15:43',	NULL),
(102,	'OTIRC00009',	'product2.png',	1,	'2023-01-08 10:15:43',	NULL),
(103,	'OTIRC00010',	'product1.png',	1,	'2023-01-08 10:15:43',	NULL),
(104,	'OTIRC00011',	'product2.png',	1,	'2023-01-08 10:15:43',	NULL),
(105,	'OTIRC00012',	'product1.png',	1,	'2023-01-08 10:15:43',	NULL),
(106,	'OTIRC00013',	'product2.png',	1,	'2023-01-08 10:15:43',	NULL),
(107,	'OTIRC00014',	'product1.png',	1,	'2023-01-08 10:15:43',	NULL),
(108,	'OTIRC00015',	'product2.png',	1,	'2023-01-08 10:15:43',	NULL),
(109,	'OTIRC00016',	'product1.png',	1,	'2023-01-08 10:15:43',	NULL),
(110,	'OTIRC00017',	'product2.png',	1,	'2023-01-08 10:15:43',	NULL),
(111,	'OTIRC00019',	'product1.png',	1,	'2023-01-08 10:15:43',	NULL),
(112,	'OTIRC00020',	'product2.png',	1,	'2023-01-08 10:15:43',	NULL),
(113,	'OTIRC00021',	'product1.png',	1,	'2023-01-08 10:15:43',	NULL),
(114,	'OTIRC00022',	'product2.png',	1,	'2023-01-08 10:15:43',	NULL),
(115,	'OTIRC00023',	'product1.png',	1,	'2023-01-08 10:15:43',	NULL),
(116,	'OTIRC00024',	'product2.png',	1,	'2023-01-08 10:15:43',	NULL),
(117,	'OTIRC00025',	'product1.png',	1,	'2023-01-08 10:15:43',	NULL),
(118,	'OTIRC00026',	'product2.png',	1,	'2023-01-08 10:15:43',	NULL),
(119,	'OTIRC00027',	'product1.png',	1,	'2023-01-08 10:15:43',	NULL),
(120,	'OTIRC00028',	'product2.png',	1,	'2023-01-08 10:15:43',	NULL),
(121,	'OTIRC00029',	'product1.png',	1,	'2023-01-08 10:15:43',	NULL),
(122,	'OTIRC00030',	'product2.png',	1,	'2023-01-08 10:15:43',	NULL),
(123,	'OTIRC00031',	'product1.png',	1,	'2023-01-08 10:15:43',	NULL),
(124,	'OTIRC00032',	'product2.png',	1,	'2023-01-08 10:15:43',	NULL),
(125,	'OTIRC00033',	'product1.png',	1,	'2023-01-08 10:15:43',	NULL),
(126,	'OTIRC00034',	'product2.png',	1,	'2023-01-08 10:15:43',	NULL),
(127,	'OTIRC00035',	'product1.png',	1,	'2023-01-08 10:15:43',	NULL),
(128,	'OTIRC00037',	'product2.png',	1,	'2023-01-08 10:15:43',	NULL),
(129,	'OTIRC00038',	'product1.png',	1,	'2023-01-08 10:15:43',	NULL),
(130,	'OTIRC00039',	'product2.png',	1,	'2023-01-08 10:15:43',	NULL),
(131,	'OTIRC00040',	'product1.png',	1,	'2023-01-08 10:15:43',	NULL),
(132,	'OTIRC00041',	'product2.png',	1,	'2023-01-08 10:15:43',	NULL),
(133,	'OTIRC00043',	'product1.png',	1,	'2023-01-08 10:15:43',	NULL),
(134,	'OTIRC00044',	'product2.png',	1,	'2023-01-08 10:15:43',	NULL),
(135,	'OTIRC00046',	'product1.png',	1,	'2023-01-08 10:15:43',	NULL),
(136,	'OTIRC00047',	'product2.png',	1,	'2023-01-08 10:15:43',	NULL),
(137,	'OTIRC00048',	'product1.png',	1,	'2023-01-08 10:15:43',	NULL),
(138,	'OTIRC00049',	'product2.png',	1,	'2023-01-08 10:15:44',	NULL),
(139,	'OTIRC00050',	'product1.png',	1,	'2023-01-08 10:15:44',	NULL),
(140,	'OTIRC00051',	'product2.png',	1,	'2023-01-08 10:15:44',	NULL),
(141,	'OTIRC00052',	'product1.png',	1,	'2023-01-08 10:15:44',	NULL),
(142,	'OTIRC00053',	'product2.png',	1,	'2023-01-08 10:15:44',	NULL),
(143,	'OTIRC00054',	'product1.png',	1,	'2023-01-08 10:15:44',	NULL),
(144,	'OTIRC00055',	'product2.png',	1,	'2023-01-08 10:15:44',	NULL),
(145,	'OTIRC00056',	'product1.png',	1,	'2023-01-08 10:15:44',	NULL),
(146,	'OTIRC00057',	'product2.png',	1,	'2023-01-08 10:15:44',	NULL),
(147,	'OTIRC00058',	'product1.png',	1,	'2023-01-08 10:15:44',	NULL),
(148,	'OTIRC00061',	'product2.png',	1,	'2023-01-08 10:15:44',	NULL),
(149,	'OTIRC00062',	'product1.png',	1,	'2023-01-08 10:15:44',	NULL),
(150,	'OTIRC00063',	'product2.png',	1,	'2023-01-08 10:15:44',	NULL),
(151,	'OTIRC00064',	'product1.png',	1,	'2023-01-08 10:15:44',	NULL),
(152,	'OTIRC00065',	'product2.png',	1,	'2023-01-08 10:15:44',	NULL),
(153,	'OTIRC00066',	'product1.png',	1,	'2023-01-08 10:15:44',	NULL),
(154,	'OTIRC00067',	'product2.png',	1,	'2023-01-08 10:15:44',	NULL),
(155,	'OTIRC00068',	'product1.png',	1,	'2023-01-08 10:15:44',	NULL),
(156,	'OTIRC00069',	'product2.png',	1,	'2023-01-08 10:15:44',	NULL),
(157,	'OTIRC00071',	'product1.png',	1,	'2023-01-08 10:15:44',	NULL),
(158,	'OTIRC00072',	'product2.png',	1,	'2023-01-08 10:15:44',	NULL),
(159,	'OTIRC00073',	'product1.png',	1,	'2023-01-08 10:15:44',	NULL),
(160,	'OTIRC00074',	'product2.png',	1,	'2023-01-08 10:15:44',	NULL),
(161,	'OTIRC00075',	'product1.png',	1,	'2023-01-08 10:15:44',	NULL),
(162,	'OTIRC00076',	'product2.png',	1,	'2023-01-08 10:15:44',	NULL),
(163,	'OTIRC00077',	'product1.png',	1,	'2023-01-08 10:15:44',	NULL),
(164,	'OTIRC00078',	'product2.png',	1,	'2023-01-08 10:15:44',	NULL),
(165,	'OTIRC00079',	'product1.png',	1,	'2023-01-08 10:15:44',	NULL),
(166,	'OTIRC00080',	'product2.png',	1,	'2023-01-08 10:15:44',	NULL),
(167,	'OTIRC00081',	'product1.png',	1,	'2023-01-08 10:15:44',	NULL),
(168,	'OTIRC00082',	'product2.png',	1,	'2023-01-08 10:15:44',	NULL),
(169,	'OTIRC00083',	'product1.png',	1,	'2023-01-08 10:15:44',	NULL),
(170,	'OTIRC00084',	'product2.png',	1,	'2023-01-08 10:15:44',	NULL),
(171,	'OTIRC00085',	'product1.png',	1,	'2023-01-08 10:15:44',	NULL),
(172,	'OTIRC00086',	'product2.png',	1,	'2023-01-08 10:15:44',	NULL),
(173,	'OTIRC00087',	'product1.png',	1,	'2023-01-08 10:15:44',	NULL),
(174,	'OTIRC00088',	'product2.png',	1,	'2023-01-08 10:15:44',	NULL),
(175,	'OTIRC00089',	'product1.png',	1,	'2023-01-08 10:15:44',	NULL),
(176,	'OTIRC00090',	'product2.png',	1,	'2023-01-08 10:15:44',	NULL),
(177,	'OTIRC00091',	'product1.png',	1,	'2023-01-08 10:15:44',	NULL),
(178,	'OTIRC00092',	'product2.png',	1,	'2023-01-08 10:15:44',	NULL),
(179,	'OTIRC00093',	'product1.png',	1,	'2023-01-08 10:15:44',	NULL),
(180,	'OTIRC00094',	'product2.png',	1,	'2023-01-08 10:15:44',	NULL),
(181,	'OTIRC00095',	'product1.png',	1,	'2023-01-08 10:15:44',	NULL),
(182,	'OTIRC00096',	'product2.png',	1,	'2023-01-08 10:15:44',	NULL),
(183,	'OTIRC00098',	'product1.png',	1,	'2023-01-08 10:15:44',	NULL),
(184,	'OTIRC00100',	'product2.png',	1,	'2023-01-08 10:15:44',	NULL),
(185,	'OTIRC00101',	'product1.png',	1,	'2023-01-08 10:15:44',	NULL),
(186,	'OTIRC00102',	'product2.png',	1,	'2023-01-08 10:15:44',	NULL),
(187,	'OTIRC00103',	'product1.png',	1,	'2023-01-08 10:15:44',	NULL),
(188,	'OTIRC00104',	'product2.png',	1,	'2023-01-08 10:15:44',	NULL),
(189,	'OTIRC00105',	'product1.png',	1,	'2023-01-08 10:15:44',	NULL),
(190,	'OTIRC00106',	'product2.png',	1,	'2023-01-08 10:15:44',	NULL),
(191,	'OTIRC00107',	'product1.png',	1,	'2023-01-08 10:15:44',	NULL),
(192,	'OTIRC00111',	'product2.png',	1,	'2023-01-08 10:15:44',	NULL),
(193,	'OTIRC00112',	'product1.png',	1,	'2023-01-08 10:15:44',	NULL),
(194,	'OTIRC00114',	'product2.png',	1,	'2023-01-08 10:15:44',	NULL),
(195,	'OTIRC00117',	'product1.png',	1,	'2023-01-08 10:15:44',	NULL),
(196,	'OTIRC00118',	'product2.png',	1,	'2023-01-08 10:15:44',	NULL),
(197,	'OTIRC00119',	'product1.png',	1,	'2023-01-08 10:15:44',	NULL),
(198,	'OTIRC00120',	'product2.png',	1,	'2023-01-08 10:15:44',	NULL),
(199,	'OTIRC00121',	'product1.png',	1,	'2023-01-08 10:15:44',	NULL),
(200,	'OTIRC00122',	'product2.png',	1,	'2023-01-08 10:15:44',	NULL),
(201,	'OTIRC00123',	'product1.png',	1,	'2023-01-08 10:15:44',	NULL),
(202,	'OTIRC00124',	'product2.png',	1,	'2023-01-08 10:15:44',	NULL),
(203,	'OTIRC00125',	'product1.png',	1,	'2023-01-08 10:15:44',	NULL),
(204,	'OTIRC00126',	'product2.png',	1,	'2023-01-08 10:15:44',	NULL),
(205,	'OTIRC00127',	'product1.png',	1,	'2023-01-08 10:15:44',	NULL),
(206,	'OTIRC00128',	'product2.png',	1,	'2023-01-08 10:15:44',	NULL),
(207,	'OTIRC00129',	'product1.png',	1,	'2023-01-08 10:15:44',	NULL),
(208,	'OTIRC00130',	'product2.png',	1,	'2023-01-08 10:15:44',	NULL),
(209,	'OTIRC00131',	'product1.png',	1,	'2023-01-08 10:15:44',	NULL),
(210,	'OTIRC00132',	'product2.png',	1,	'2023-01-08 10:15:44',	NULL),
(211,	'OTIRC00133',	'product1.png',	1,	'2023-01-08 10:15:44',	NULL),
(212,	'OTIRC00134',	'product2.png',	1,	'2023-01-08 10:15:44',	NULL),
(213,	'OTIRC00135',	'product1.png',	1,	'2023-01-08 10:15:44',	NULL),
(214,	'OTIRC00136',	'product2.png',	1,	'2023-01-08 10:15:44',	NULL),
(215,	'OTIRC00137',	'product1.png',	1,	'2023-01-08 10:15:44',	NULL),
(216,	'OTIRC00138',	'product2.png',	1,	'2023-01-08 10:15:44',	NULL),
(217,	'OTIRC00141',	'product1.png',	1,	'2023-01-08 10:15:44',	NULL),
(218,	'OTIRC00142',	'product2.png',	1,	'2023-01-08 10:15:44',	NULL),
(219,	'OTIRC00145',	'product1.png',	1,	'2023-01-08 10:15:44',	NULL),
(220,	'OTIRC00148',	'product2.png',	1,	'2023-01-08 10:15:44',	NULL),
(221,	'OTIRC00150',	'product1.png',	1,	'2023-01-08 10:15:44',	NULL),
(222,	'OTIRC00151',	'product2.png',	1,	'2023-01-08 10:15:44',	NULL),
(223,	'OTIRC00152',	'product1.png',	1,	'2023-01-08 10:15:44',	NULL),
(224,	'OTIRC00153',	'product2.png',	1,	'2023-01-08 10:15:44',	NULL),
(225,	'OTIRC00154',	'product1.png',	1,	'2023-01-08 10:15:44',	NULL),
(226,	'OTIRC00155',	'product2.png',	1,	'2023-01-08 10:15:44',	NULL),
(227,	'OTIRC00156',	'product1.png',	1,	'2023-01-08 10:15:44',	NULL),
(228,	'OTIRC00157',	'product2.png',	1,	'2023-01-08 10:15:44',	NULL),
(229,	'OTIRC00158',	'product1.png',	1,	'2023-01-08 10:15:44',	NULL),
(230,	'OTIRC00159',	'product2.png',	1,	'2023-01-08 10:15:44',	NULL),
(231,	'OTIRC00160',	'product1.png',	1,	'2023-01-08 10:15:44',	NULL),
(232,	'OTIRC00161',	'product2.png',	1,	'2023-01-08 10:15:44',	NULL),
(233,	'OTIRC00162',	'product1.png',	1,	'2023-01-08 10:15:44',	NULL),
(234,	'OTIRC00163',	'product2.png',	1,	'2023-01-08 10:15:44',	NULL),
(235,	'OTIRC00164',	'product1.png',	1,	'2023-01-08 10:15:44',	NULL),
(236,	'OTIRC00165',	'product2.png',	1,	'2023-01-08 10:15:44',	NULL),
(237,	'OTIRC00166',	'product1.png',	1,	'2023-01-08 10:15:44',	NULL),
(238,	'OTIRC00167',	'product2.png',	1,	'2023-01-08 10:15:44',	NULL),
(239,	'OTIRC00168',	'product1.png',	1,	'2023-01-08 10:15:44',	NULL),
(240,	'OTIRC00169',	'product2.png',	1,	'2023-01-08 10:15:44',	NULL),
(241,	'OTIRC00171',	'product1.png',	1,	'2023-01-08 10:15:44',	NULL),
(242,	'OTIRC00172',	'product2.png',	1,	'2023-01-08 10:15:44',	NULL),
(243,	'OTIRC00173',	'product1.png',	1,	'2023-01-08 10:15:44',	NULL),
(244,	'OTIRC00174',	'product2.png',	1,	'2023-01-08 10:15:44',	NULL),
(245,	'OTIRC00177',	'product1.png',	1,	'2023-01-08 10:15:44',	NULL),
(246,	'OTKTL00007',	'product2.png',	1,	'2023-01-08 10:15:44',	NULL),
(247,	'OTKTL00008',	'product1.png',	1,	'2023-01-08 10:15:44',	NULL),
(248,	'OTKTL00009',	'product2.png',	1,	'2023-01-08 10:15:44',	NULL),
(249,	'OTKTL00010',	'product1.png',	1,	'2023-01-08 10:15:44',	NULL),
(250,	'OTKTL00011',	'product2.png',	1,	'2023-01-08 10:15:44',	NULL),
(251,	'OTKTL00012',	'product1.png',	1,	'2023-01-08 10:15:44',	NULL),
(252,	'OTKTL00013',	'product2.png',	1,	'2023-01-08 10:15:44',	NULL),
(253,	'OTKTL00014',	'product1.png',	1,	'2023-01-08 10:15:44',	NULL),
(254,	'OTKTL00015',	'product2.png',	1,	'2023-01-08 10:15:44',	NULL),
(255,	'OTKTL00016',	'product1.png',	1,	'2023-01-08 10:15:44',	NULL),
(256,	'OTKTL00017',	'product2.png',	1,	'2023-01-08 10:15:44',	NULL),
(257,	'OTKTL00018',	'product1.png',	1,	'2023-01-08 10:15:44',	NULL),
(258,	'OTKTL00019',	'product2.png',	1,	'2023-01-08 10:15:44',	NULL),
(259,	'OTKTL00020',	'product1.png',	1,	'2023-01-08 10:15:44',	NULL),
(260,	'OTKTL00021',	'product2.png',	1,	'2023-01-08 10:15:44',	NULL),
(261,	'OTKTL00022',	'product1.png',	1,	'2023-01-08 10:15:44',	NULL),
(262,	'OTKTL00023',	'product2.png',	1,	'2023-01-08 10:15:44',	NULL),
(263,	'OTKTL00024',	'product1.png',	1,	'2023-01-08 10:15:44',	NULL),
(264,	'OTKTL00025',	'product2.png',	1,	'2023-01-08 10:15:44',	NULL),
(265,	'OTKTL00026',	'product1.png',	1,	'2023-01-08 10:15:44',	NULL),
(266,	'OTKTL00027',	'product2.png',	1,	'2023-01-08 10:15:44',	NULL),
(267,	'OTKTL00028',	'product1.png',	1,	'2023-01-08 10:15:44',	NULL),
(268,	'OTKTL00029',	'product2.png',	1,	'2023-01-08 10:15:44',	NULL),
(269,	'OTKTL00030',	'product1.png',	1,	'2023-01-08 10:15:44',	NULL),
(270,	'OTKTL00031',	'product2.png',	1,	'2023-01-08 10:15:44',	NULL),
(271,	'OTKTL00032',	'product1.png',	1,	'2023-01-08 10:15:44',	NULL),
(272,	'OTKTL00033',	'product2.png',	1,	'2023-01-08 10:15:44',	NULL),
(273,	'OTKTL00035',	'product1.png',	1,	'2023-01-08 10:15:44',	NULL),
(274,	'OTKTL00036',	'product2.png',	1,	'2023-01-08 10:15:44',	NULL),
(275,	'OTKTL00037',	'product1.png',	1,	'2023-01-08 10:15:44',	NULL),
(276,	'OTKTL00038',	'product2.png',	1,	'2023-01-08 10:15:44',	NULL),
(277,	'OTKTL00039',	'product1.png',	1,	'2023-01-08 10:15:44',	NULL),
(278,	'OTKTL00040',	'product2.png',	1,	'2023-01-08 10:15:44',	NULL),
(279,	'OTKTL00042',	'product1.png',	1,	'2023-01-08 10:15:44',	NULL),
(280,	'OTKTL00043',	'product2.png',	1,	'2023-01-08 10:15:44',	NULL),
(281,	'OTKTL00044',	'product1.png',	1,	'2023-01-08 10:15:44',	NULL),
(282,	'OTKTL00047',	'product2.png',	1,	'2023-01-08 10:15:44',	NULL),
(283,	'OTKTL00048',	'product1.png',	1,	'2023-01-08 10:15:44',	NULL),
(284,	'OTKTL00050',	'product2.png',	1,	'2023-01-08 10:15:44',	NULL),
(285,	'OTKTL00051',	'product1.png',	1,	'2023-01-08 10:15:44',	NULL),
(286,	'OTKTL00052',	'product2.png',	1,	'2023-01-08 10:15:44',	NULL),
(287,	'OTKTL00055',	'product1.png',	1,	'2023-01-08 10:15:44',	NULL),
(288,	'OTKTL00056',	'product2.png',	1,	'2023-01-08 10:15:44',	NULL),
(289,	'OTKTL00057',	'product1.png',	1,	'2023-01-08 10:15:44',	NULL),
(290,	'OTKTL00058',	'product2.png',	1,	'2023-01-08 10:15:44',	NULL),
(291,	'OTKTL00059',	'product1.png',	1,	'2023-01-08 10:15:44',	NULL),
(292,	'OTKTL00060',	'product2.png',	1,	'2023-01-08 10:15:44',	NULL),
(293,	'OTKTL00062',	'product1.png',	1,	'2023-01-08 10:15:44',	NULL),
(294,	'OTKTL00063',	'product2.png',	1,	'2023-01-08 10:15:44',	NULL),
(295,	'OTKTL00064',	'product1.png',	1,	'2023-01-08 10:15:44',	NULL),
(296,	'OTKTL00065',	'product2.png',	1,	'2023-01-08 10:15:44',	NULL),
(297,	'OTKTL00066',	'product1.png',	1,	'2023-01-08 10:15:44',	NULL),
(298,	'OTKTL00067',	'product2.png',	1,	'2023-01-08 10:15:44',	NULL),
(299,	'OTKTL00068',	'product1.png',	1,	'2023-01-08 10:15:44',	NULL),
(300,	'OTKTL00071',	'product2.png',	1,	'2023-01-08 10:15:44',	NULL),
(301,	'OTKTL00072',	'product1.png',	1,	'2023-01-08 10:15:44',	NULL),
(302,	'OTKTL00073',	'product2.png',	1,	'2023-01-08 10:15:44',	NULL),
(303,	'OTKTL00075',	'product1.png',	1,	'2023-01-08 10:15:44',	NULL),
(304,	'OTKTL00076',	'product2.png',	1,	'2023-01-08 10:15:44',	NULL),
(305,	'OTKTL00077',	'product1.png',	1,	'2023-01-08 10:15:44',	NULL),
(306,	'OTKTL00078',	'product2.png',	1,	'2023-01-08 10:15:44',	NULL),
(307,	'OTKTL00079',	'product1.png',	1,	'2023-01-08 10:15:44',	NULL),
(308,	'OTKTL00080',	'product2.png',	1,	'2023-01-08 10:15:44',	NULL),
(309,	'OTKTL00083',	'product1.png',	1,	'2023-01-08 10:15:44',	NULL),
(310,	'OTKTL00084',	'product2.png',	1,	'2023-01-08 10:15:44',	NULL),
(311,	'OTKTL00085',	'product1.png',	1,	'2023-01-08 10:15:44',	NULL),
(312,	'OTKTL00086',	'product2.png',	1,	'2023-01-08 10:15:44',	NULL),
(313,	'OTKTL00087',	'product1.png',	1,	'2023-01-08 10:15:44',	NULL),
(314,	'OTKTL00088',	'product2.png',	1,	'2023-01-08 10:15:44',	NULL),
(315,	'OTKTL00090',	'product1.png',	1,	'2023-01-08 10:15:44',	NULL),
(316,	'OTKTL00091',	'product2.png',	1,	'2023-01-08 10:15:44',	NULL),
(317,	'OTKTL00092',	'product1.png',	1,	'2023-01-08 10:15:44',	NULL),
(318,	'OTKTL00093',	'product2.png',	1,	'2023-01-08 10:15:45',	NULL),
(319,	'OTKTL00094',	'product1.png',	1,	'2023-01-08 10:15:45',	NULL),
(320,	'OTKTL00095',	'product2.png',	1,	'2023-01-08 10:15:45',	NULL),
(321,	'OTKTL00096',	'product1.png',	1,	'2023-01-08 10:15:45',	NULL),
(322,	'OTKTL00097',	'product2.png',	1,	'2023-01-08 10:15:45',	NULL),
(323,	'OTKTL00098',	'product1.png',	1,	'2023-01-08 10:15:45',	NULL),
(324,	'OTKTL00099',	'product2.png',	1,	'2023-01-08 10:15:45',	NULL),
(325,	'OTKTL00100',	'product1.png',	1,	'2023-01-08 10:15:45',	NULL),
(326,	'OTKTL00101',	'product2.png',	1,	'2023-01-08 10:15:45',	NULL),
(327,	'OTKTL00102',	'product1.png',	1,	'2023-01-08 10:15:45',	NULL),
(328,	'OTKTL00103',	'product2.png',	1,	'2023-01-08 10:15:45',	NULL),
(329,	'OTKTL00104',	'product1.png',	1,	'2023-01-08 10:15:45',	NULL),
(330,	'OTKTL00105',	'product2.png',	1,	'2023-01-08 10:15:45',	NULL),
(331,	'OTKTL00106',	'product1.png',	1,	'2023-01-08 10:15:45',	NULL),
(332,	'OTKTL00107',	'product2.png',	1,	'2023-01-08 10:15:45',	NULL),
(333,	'OTKTL00108',	'product1.png',	1,	'2023-01-08 10:15:45',	NULL),
(334,	'OTKTL00109',	'product2.png',	1,	'2023-01-08 10:15:45',	NULL),
(335,	'OTKTL00111',	'product1.png',	1,	'2023-01-08 10:15:45',	NULL),
(336,	'OTKTL00112',	'product2.png',	1,	'2023-01-08 10:15:45',	NULL),
(337,	'OTKTL00113',	'product1.png',	1,	'2023-01-08 10:15:45',	NULL),
(338,	'OTKTL00114',	'product2.png',	1,	'2023-01-08 10:15:45',	NULL),
(339,	'OTKTL00115',	'product1.png',	1,	'2023-01-08 10:15:45',	NULL),
(340,	'OTKTL00116',	'product2.png',	1,	'2023-01-08 10:15:45',	NULL),
(341,	'OTMXS00003',	'product1.png',	1,	'2023-01-08 10:15:45',	NULL),
(342,	'OTMXS00004',	'product2.png',	1,	'2023-01-08 10:15:45',	NULL),
(343,	'OTMXS00005',	'product1.png',	1,	'2023-01-08 10:15:45',	NULL),
(344,	'OTMXS00006',	'product2.png',	1,	'2023-01-08 10:15:45',	NULL),
(345,	'OTMXS00007',	'product1.png',	1,	'2023-01-08 10:15:45',	NULL),
(346,	'OTMXS00008',	'product2.png',	1,	'2023-01-08 10:15:45',	NULL),
(347,	'OTMXS00009',	'product1.png',	1,	'2023-01-08 10:15:45',	NULL),
(348,	'OTMXS00010',	'product2.png',	1,	'2023-01-08 10:15:45',	NULL),
(349,	'OTMXS00011',	'product1.png',	1,	'2023-01-08 10:15:45',	NULL),
(350,	'OTMXS00012',	'product2.png',	1,	'2023-01-08 10:15:45',	NULL),
(351,	'OTMXS00013',	'product1.png',	1,	'2023-01-08 10:15:45',	NULL),
(352,	'OTMXS00014',	'product2.png',	1,	'2023-01-08 10:15:45',	NULL),
(353,	'OTMXS00015',	'product1.png',	1,	'2023-01-08 10:15:45',	NULL),
(354,	'OTMXS00016',	'product2.png',	1,	'2023-01-08 10:15:45',	NULL),
(355,	'OTMXS00017',	'product1.png',	1,	'2023-01-08 10:15:45',	NULL),
(356,	'OTMXS00018',	'product2.png',	1,	'2023-01-08 10:15:45',	NULL),
(357,	'OTMXS00019',	'product1.png',	1,	'2023-01-08 10:15:45',	NULL),
(358,	'OTMXS00020',	'product2.png',	1,	'2023-01-08 10:15:45',	NULL),
(359,	'OTMXS00021',	'product1.png',	1,	'2023-01-08 10:15:45',	NULL),
(360,	'OTMXS00022',	'product2.png',	1,	'2023-01-08 10:15:45',	NULL),
(361,	'OTMXS00023',	'product1.png',	1,	'2023-01-08 10:15:45',	NULL),
(362,	'OTMXS00024',	'product2.png',	1,	'2023-01-08 10:15:45',	NULL),
(363,	'OTMXS00025',	'product1.png',	1,	'2023-01-08 10:15:45',	NULL),
(364,	'OTMXS00026',	'product2.png',	1,	'2023-01-08 10:15:45',	NULL),
(365,	'OTMXS00027',	'product1.png',	1,	'2023-01-08 10:15:45',	NULL),
(366,	'OTMXS00028',	'product2.png',	1,	'2023-01-08 10:15:45',	NULL),
(367,	'OTMXS00029',	'product1.png',	1,	'2023-01-08 10:15:45',	NULL),
(368,	'OTMXS00030',	'product2.png',	1,	'2023-01-08 10:15:45',	NULL),
(369,	'OTMXS00031',	'product1.png',	1,	'2023-01-08 10:15:45',	NULL),
(370,	'OTMXS00032',	'product2.png',	1,	'2023-01-08 10:15:45',	NULL),
(371,	'OTMXS00033',	'product1.png',	1,	'2023-01-08 10:15:45',	NULL),
(372,	'OTMXS00034',	'product2.png',	1,	'2023-01-08 10:15:45',	NULL),
(373,	'OTMXS00035',	'product1.png',	1,	'2023-01-08 10:15:45',	NULL),
(374,	'OTMXS00036',	'product2.png',	1,	'2023-01-08 10:15:45',	NULL),
(375,	'OTMXS00037',	'product1.png',	1,	'2023-01-08 10:15:45',	NULL),
(376,	'OTMXS00038',	'product2.png',	1,	'2023-01-08 10:15:45',	NULL),
(377,	'OTMXS00039',	'product1.png',	1,	'2023-01-08 10:15:45',	NULL),
(378,	'OTMXS00040',	'product2.png',	1,	'2023-01-08 10:15:45',	NULL),
(379,	'OTMXS00041',	'product1.png',	1,	'2023-01-08 10:15:45',	NULL),
(380,	'OTMXS00042',	'product2.png',	1,	'2023-01-08 10:15:45',	NULL),
(381,	'OTMXS00043',	'product1.png',	1,	'2023-01-08 10:15:45',	NULL),
(382,	'OTMXS00044',	'product2.png',	1,	'2023-01-08 10:15:45',	NULL),
(383,	'OTMXS00045',	'product1.png',	1,	'2023-01-08 10:15:45',	NULL),
(384,	'OTMXS00046',	'product2.png',	1,	'2023-01-08 10:15:45',	NULL),
(385,	'OTMXS00047',	'product1.png',	1,	'2023-01-08 10:15:45',	NULL),
(386,	'OTMXS00048',	'product2.png',	1,	'2023-01-08 10:15:45',	NULL),
(387,	'OTMXS00049',	'product1.png',	1,	'2023-01-08 10:15:45',	NULL),
(388,	'OTMXS00050',	'product2.png',	1,	'2023-01-08 10:15:45',	NULL),
(389,	'OTMXS00051',	'product1.png',	1,	'2023-01-08 10:15:45',	NULL),
(390,	'OTMXS00052',	'product2.png',	1,	'2023-01-08 10:15:46',	NULL),
(391,	'OTMXS00053',	'product1.png',	1,	'2023-01-08 10:15:46',	NULL),
(392,	'OTMXS00054',	'product2.png',	1,	'2023-01-08 10:15:46',	NULL),
(393,	'OTMXS00055',	'product1.png',	1,	'2023-01-08 10:15:46',	NULL),
(394,	'OTMXS00056',	'product2.png',	1,	'2023-01-08 10:15:46',	NULL),
(395,	'OTMXS00057',	'product1.png',	1,	'2023-01-08 10:15:46',	NULL),
(396,	'OTMXS00058',	'product2.png',	1,	'2023-01-08 10:15:46',	NULL),
(397,	'OTMXS00059',	'product1.png',	1,	'2023-01-08 10:15:46',	NULL),
(398,	'OTMXS00060',	'product2.png',	1,	'2023-01-08 10:15:46',	NULL),
(399,	'OTMXS00061',	'product1.png',	1,	'2023-01-08 10:15:46',	NULL),
(400,	'OTMXS00062',	'product2.png',	1,	'2023-01-08 10:15:46',	NULL),
(401,	'OTMXS00063',	'product1.png',	1,	'2023-01-08 10:15:46',	NULL),
(402,	'OTMXS00064',	'product2.png',	1,	'2023-01-08 10:15:46',	NULL),
(403,	'OTMXS00065',	'product1.png',	1,	'2023-01-08 10:15:46',	NULL),
(404,	'OTMXS00066',	'product2.png',	1,	'2023-01-08 10:15:46',	NULL),
(405,	'OTMXS00067',	'product1.png',	1,	'2023-01-08 10:15:46',	NULL),
(406,	'OTMXS00068',	'product2.png',	1,	'2023-01-08 10:15:46',	NULL),
(407,	'OTPIR00001',	'product1.png',	1,	'2023-01-08 10:15:46',	NULL),
(408,	'OTPIR00002',	'product2.png',	1,	'2023-01-08 10:15:46',	NULL),
(409,	'OTPIR00003',	'product1.png',	1,	'2023-01-08 10:15:46',	NULL),
(410,	'OTPIR00004',	'product2.png',	1,	'2023-01-08 10:15:46',	NULL),
(411,	'OTPIR00005',	'product1.png',	1,	'2023-01-08 10:15:46',	NULL),
(412,	'OTPIR00006',	'product2.png',	1,	'2023-01-08 10:15:46',	NULL),
(413,	'OTPIR00007',	'product1.png',	1,	'2023-01-08 10:15:46',	NULL),
(414,	'OTPIR00008',	'product2.png',	1,	'2023-01-08 10:15:46',	NULL),
(415,	'OTPIR00009',	'product1.png',	1,	'2023-01-08 10:15:46',	NULL),
(416,	'OTSWL00001',	'product2.png',	1,	'2023-01-08 10:15:46',	NULL),
(417,	'OTSWL00002',	'product1.png',	1,	'2023-01-08 10:15:46',	NULL),
(418,	'OTSWL00003',	'product2.png',	1,	'2023-01-08 10:15:46',	NULL),
(419,	'OTSWL00004',	'product1.png',	1,	'2023-01-08 10:15:46',	NULL),
(420,	'OTSWL00005',	'product2.png',	1,	'2023-01-08 10:15:46',	NULL),
(421,	'OTSWL00006',	'product1.png',	1,	'2023-01-08 10:15:46',	NULL),
(422,	'OTSWL00007',	'product2.png',	1,	'2023-01-08 10:15:46',	NULL),
(423,	'OTSWL00008',	'product1.png',	1,	'2023-01-08 10:15:46',	NULL),
(424,	'OTSWL00009',	'product2.png',	1,	'2023-01-08 10:15:46',	NULL),
(425,	'OTSWL00010',	'product1.png',	1,	'2023-01-08 10:15:46',	NULL),
(426,	'OTSWL00011',	'product2.png',	1,	'2023-01-08 10:15:46',	NULL),
(427,	'OTSWL00012',	'product1.png',	1,	'2023-01-08 10:15:46',	NULL),
(428,	'OTSWL00013',	'product2.png',	1,	'2023-01-08 10:15:46',	NULL),
(429,	'OTSWL00014',	'product1.png',	1,	'2023-01-08 10:15:46',	NULL),
(430,	'OTSWL00015',	'product2.png',	1,	'2023-01-08 10:15:46',	NULL),
(431,	'OTSWL00016',	'product1.png',	1,	'2023-01-08 10:15:46',	NULL),
(432,	'OTSWL00017',	'product2.png',	1,	'2023-01-08 10:15:46',	NULL),
(433,	'OTSWL00019',	'product1.png',	1,	'2023-01-08 10:15:46',	NULL),
(434,	'OTSWL00020',	'product2.png',	1,	'2023-01-08 10:15:46',	NULL),
(435,	'OTSWL00021',	'product1.png',	1,	'2023-01-08 10:15:46',	NULL),
(436,	'OTSWL00022',	'product2.png',	1,	'2023-01-08 10:15:46',	NULL),
(437,	'OTSWL00023',	'product1.png',	1,	'2023-01-08 10:15:46',	NULL),
(438,	'OTSWL00024',	'product2.png',	1,	'2023-01-08 10:15:46',	NULL),
(439,	'OTSWL00025',	'product1.png',	1,	'2023-01-08 10:15:46',	NULL),
(440,	'OTSWL00026',	'product2.png',	1,	'2023-01-08 10:15:46',	NULL),
(441,	'OTSWL00027',	'product1.png',	1,	'2023-01-08 10:15:46',	NULL),
(442,	'OTSWL00028',	'product2.png',	1,	'2023-01-08 10:15:46',	NULL),
(443,	'OTSWL00029',	'product1.png',	1,	'2023-01-08 10:15:46',	NULL),
(444,	'OTSWL00030',	'product2.png',	1,	'2023-01-08 10:15:47',	NULL),
(445,	'OTSWL00031',	'product1.png',	1,	'2023-01-08 10:15:47',	NULL),
(446,	'OTSWL00032',	'product2.png',	1,	'2023-01-08 10:15:47',	NULL),
(447,	'OTSWL00033',	'product1.png',	1,	'2023-01-08 10:15:47',	NULL),
(448,	'OTSWL00034',	'product2.png',	1,	'2023-01-08 10:15:47',	NULL),
(449,	'OTSWL00035',	'product1.png',	1,	'2023-01-08 10:15:47',	NULL),
(450,	'OTSWL00036',	'product2.png',	1,	'2023-01-08 10:15:47',	NULL),
(451,	'OTSWL00037',	'product1.png',	1,	'2023-01-08 10:15:47',	NULL),
(452,	'OTSWL00038',	'product2.png',	1,	'2023-01-08 10:15:47',	NULL),
(453,	'OTSWL00039',	'product1.png',	1,	'2023-01-08 10:15:47',	NULL),
(454,	'OTSWL00040',	'product2.png',	1,	'2023-01-08 10:15:47',	NULL),
(455,	'OTSWL00041',	'product1.png',	1,	'2023-01-08 10:15:47',	NULL),
(456,	'OTSWL00042',	'product2.png',	1,	'2023-01-08 10:15:47',	NULL),
(457,	'OTSWL00043',	'product1.png',	1,	'2023-01-08 10:15:47',	NULL),
(458,	'OTSWL00044',	'product2.png',	1,	'2023-01-08 10:15:47',	NULL),
(459,	'OTZNS00001',	'product1.png',	1,	'2023-01-08 10:15:47',	NULL),
(460,	'OTZNS00002',	'product2.png',	1,	'2023-01-08 10:15:47',	NULL),
(461,	'OTZNS00003',	'product1.png',	1,	'2023-01-08 10:15:47',	NULL),
(462,	'OTZNS00004',	'product2.png',	1,	'2023-01-08 10:15:47',	NULL),
(463,	'OTZNS00005',	'product1.png',	1,	'2023-01-08 10:15:47',	NULL),
(464,	'OTZNS00006',	'product2.png',	1,	'2023-01-08 10:15:47',	NULL),
(465,	'OTZNS00007',	'product1.png',	1,	'2023-01-08 10:15:47',	NULL),
(466,	'OTZNS00008',	'product2.png',	1,	'2023-01-08 10:15:47',	NULL),
(467,	'OTZNS00009',	'product1.png',	1,	'2023-01-08 10:15:47',	NULL),
(468,	'OTZNS00010',	'product2.png',	1,	'2023-01-08 10:15:47',	NULL),
(469,	'OTZNS00011',	'product1.png',	1,	'2023-01-08 10:15:47',	NULL),
(470,	'OTZNS00012',	'product2.png',	1,	'2023-01-08 10:15:47',	NULL),
(471,	'OTZNS00013',	'product1.png',	1,	'2023-01-08 10:15:47',	NULL),
(472,	'OTZNS00014',	'product2.png',	1,	'2023-01-08 10:15:47',	NULL);

DROP TABLE IF EXISTS `wishlists`;
CREATE TABLE `wishlists` (
  `customer_id` bigint NOT NULL,
  `product_id` bigint NOT NULL,
  `created_at` timestamp NOT NULL DEFAULT CURRENT_TIMESTAMP,
  KEY `customer_id` (`customer_id`),
  KEY `product_id` (`product_id`)
) ENGINE=MyISAM DEFAULT CHARSET=latin1;